condition_id,actual_coverage_of_condition,actual_coverage_of_confidence_eligible,count,coverage_of_condition,coverage_of_eligible,decile,decile_order,display_name,eligible_count,framing,generated_strict_accuracy,generated_valid_only_accuracy,generated_valid_prediction_count,maximum_confidence,mean_confidence,minimum_confidence,minimum_retained_confidence,probability_field,requested_coverage_of_confidence_eligible,retained_count,table_type,threshold_accuracy
baseline.robust_0.8B.no_manual,,,300,0.1,0.1,1,"1=lowest confidence, 10=highest confidence",Baseline 0.8B — no manual,,yes_no,0.95,0.95,300,0.9324533088603709,0.9161207994272238,0.849971175657575,,verdict_prob_belongs,,,confidence_decile,0.05
baseline.robust_0.8B.no_manual,,,300,0.1,0.1,2,"1=lowest confidence, 10=highest confidence",Baseline 0.8B — no manual,,yes_no,0.8866666666666667,0.8866666666666667,300,0.9441768588653856,0.9386323324363476,0.9324533088603709,,verdict_prob_belongs,,,confidence_decile,0.09
baseline.robust_0.8B.no_manual,,,300,0.1,0.1,3,"1=lowest confidence, 10=highest confidence",Baseline 0.8B — no manual,,yes_no,0.87,0.87,300,0.9504109770159683,0.9472815115796133,0.9441768588653856,,verdict_prob_belongs,,,confidence_decile,0.18
baseline.robust_0.8B.no_manual,,,300,0.1,0.1,4,"1=lowest confidence, 10=highest confidence",Baseline 0.8B — no manual,,yes_no,0.8666666666666667,0.8666666666666667,300,0.9559813501370537,0.9534054884255896,0.9504109770159683,,verdict_prob_belongs,,,confidence_decile,0.15666666666666668
baseline.robust_0.8B.no_manual,,,300,0.1,0.1,5,"1=lowest confidence, 10=highest confidence",Baseline 0.8B — no manual,,yes_no,0.81,0.81,300,0.96036116089903,0.9581406752541602,0.9559813501370537,,verdict_prob_belongs,,,confidence_decile,0.2833333333333333
baseline.robust_0.8B.no_manual,,,300,0.1,0.1,6,"1=lowest confidence, 10=highest confidence",Baseline 0.8B — no manual,,yes_no,0.7833333333333333,0.7833333333333333,300,0.9645892699236761,0.9623710766383854,0.96036116089903,,verdict_prob_belongs,,,confidence_decile,0.31
baseline.robust_0.8B.no_manual,,,300,0.1,0.1,7,"1=lowest confidence, 10=highest confidence",Baseline 0.8B — no manual,,yes_no,0.78,0.78,300,0.9683812327313545,0.9665408167835615,0.9645892699236761,,verdict_prob_belongs,,,confidence_decile,0.43333333333333335
baseline.robust_0.8B.no_manual,,,300,0.1,0.1,8,"1=lowest confidence, 10=highest confidence",Baseline 0.8B — no manual,,yes_no,0.81,0.81,300,0.9724147177732099,0.9704063251861749,0.9683812327313545,,verdict_prob_belongs,,,confidence_decile,0.4533333333333333
baseline.robust_0.8B.no_manual,,,300,0.1,0.1,9,"1=lowest confidence, 10=highest confidence",Baseline 0.8B — no manual,,yes_no,0.7833333333333333,0.7833333333333333,300,0.9770226300899744,0.9746268736727933,0.9724147177732099,,verdict_prob_belongs,,,confidence_decile,0.66
baseline.robust_0.8B.no_manual,,,300,0.1,0.1,10,"1=lowest confidence, 10=highest confidence",Baseline 0.8B — no manual,,yes_no,0.7933333333333333,0.7933333333333333,300,0.9940428462362503,0.9812109157815744,0.9770226300899744,,verdict_prob_belongs,,,confidence_decile,0.7166666666666667
baseline.robust_0.8B.no_manual,1.0,1.0,,,,,,Baseline 0.8B — no manual,3000,yes_no,0.8333333333333334,0.8333333333333334,3000,,,,0.849971175657575,verdict_prob_belongs,1.0,3000,selective_accuracy,0.3333333333333333
baseline.robust_0.8B.no_manual,0.9,0.9,,,,,,Baseline 0.8B — no manual,3000,yes_no,0.8207407407407408,0.8207407407407408,2700,,,,0.9324533088603709,verdict_prob_belongs,0.9,2700,selective_accuracy,0.3648148148148148
baseline.robust_0.8B.no_manual,0.8,0.8,,,,,,Baseline 0.8B — no manual,3000,yes_no,0.8116666666666666,0.8116666666666666,2400,,,,0.9441768588653856,verdict_prob_belongs,0.8,2400,selective_accuracy,0.39958333333333335
baseline.robust_0.8B.no_manual,0.7,0.7,,,,,,Baseline 0.8B — no manual,3000,yes_no,0.8019047619047619,0.8019047619047619,2100,,,,0.9504109770159683,verdict_prob_belongs,0.7,2100,selective_accuracy,0.4338095238095238
baseline.robust_0.8B.no_manual,0.6,0.6,,,,,,Baseline 0.8B — no manual,3000,yes_no,0.7927777777777778,0.7927777777777778,1800,,,,0.9559813501370537,verdict_prob_belongs,0.6,1800,selective_accuracy,0.4777777777777778
baseline.robust_0.8B.no_manual,0.5,0.5,,,,,,Baseline 0.8B — no manual,3000,yes_no,0.7886666666666666,0.7886666666666666,1500,,,,0.96036116089903,verdict_prob_belongs,0.5,1500,selective_accuracy,0.5186666666666667
baseline.robust_0.8B.no_manual,0.4,0.4,,,,,,Baseline 0.8B — no manual,3000,yes_no,0.7916666666666666,0.7916666666666666,1200,,,,0.9645892699236761,verdict_prob_belongs,0.4,1200,selective_accuracy,0.5666666666666667
baseline.robust_0.8B.no_manual,0.3,0.3,,,,,,Baseline 0.8B — no manual,3000,yes_no,0.7922222222222223,0.7922222222222223,900,,,,0.9683812327313545,verdict_prob_belongs,0.3,900,selective_accuracy,0.6188888888888889
baseline.robust_0.8B.no_manual,0.2,0.2,,,,,,Baseline 0.8B — no manual,3000,yes_no,0.7883333333333333,0.7883333333333333,600,,,,0.9724147177732099,verdict_prob_belongs,0.2,600,selective_accuracy,0.7
baseline.robust_0.8B.no_manual,0.1,0.1,,,,,,Baseline 0.8B — no manual,3000,yes_no,0.79,0.79,300,,,,0.9770226300899744,verdict_prob_belongs,0.1,300,selective_accuracy,0.72
baseline.robust_0.8B.no_manual,,,300,0.1,0.1,1,"1=lowest confidence, 10=highest confidence",Baseline 0.8B — no manual,,true_false,0.9033333333333333,0.9033333333333333,300,0.5467381519846138,0.5235583903782987,0.5,,boolean_prob_true,,,confidence_decile,0.32
baseline.robust_0.8B.no_manual,,,300,0.1,0.1,2,"1=lowest confidence, 10=highest confidence",Baseline 0.8B — no manual,,true_false,0.9066666666666666,0.9066666666666666,300,0.5736784074525096,0.5608381508831731,0.5467381519846138,,boolean_prob_true,,,confidence_decile,0.17333333333333334
baseline.robust_0.8B.no_manual,,,300,0.1,0.1,3,"1=lowest confidence, 10=highest confidence",Baseline 0.8B — no manual,,true_false,0.8666666666666667,0.8666666666666667,300,0.5964331462646254,0.5861914958635842,0.5736784074525096,,boolean_prob_true,,,confidence_decile,0.18
baseline.robust_0.8B.no_manual,,,300,0.1,0.1,4,"1=lowest confidence, 10=highest confidence",Baseline 0.8B — no manual,,true_false,0.82,0.82,300,0.6150878555160665,0.606190990251936,0.5964331462646254,,boolean_prob_true,,,confidence_decile,0.29333333333333333
baseline.robust_0.8B.no_manual,,,300,0.1,0.1,5,"1=lowest confidence, 10=highest confidence",Baseline 0.8B — no manual,,true_false,0.84,0.84,300,0.6297746074044134,0.6235110312100712,0.6150878555160665,,boolean_prob_true,,,confidence_decile,0.23333333333333334
baseline.robust_0.8B.no_manual,,,300,0.1,0.1,6,"1=lowest confidence, 10=highest confidence",Baseline 0.8B — no manual,,true_false,0.83,0.83,300,0.6477982179521103,0.6402729949600994,0.6297746074044134,,boolean_prob_true,,,confidence_decile,0.35333333333333333
baseline.robust_0.8B.no_manual,,,300,0.1,0.1,7,"1=lowest confidence, 10=highest confidence",Baseline 0.8B — no manual,,true_false,0.8,0.8,300,0.665410558746814,0.6568868800051291,0.6477982179521103,,boolean_prob_true,,,confidence_decile,0.4266666666666667
baseline.robust_0.8B.no_manual,,,300,0.1,0.1,8,"1=lowest confidence, 10=highest confidence",Baseline 0.8B — no manual,,true_false,0.82,0.82,300,0.6859494550081925,0.6748255679302441,0.665410558746814,,boolean_prob_true,,,confidence_decile,0.45666666666666667
baseline.robust_0.8B.no_manual,,,300,0.1,0.1,9,"1=lowest confidence, 10=highest confidence",Baseline 0.8B — no manual,,true_false,0.77,0.77,300,0.7090191337850932,0.6966883616682776,0.6859494550081925,,boolean_prob_true,,,confidence_decile,0.5466666666666666
baseline.robust_0.8B.no_manual,,,300,0.1,0.1,10,"1=lowest confidence, 10=highest confidence",Baseline 0.8B — no manual,,true_false,0.7766666666666666,0.7766666666666666,300,0.8056321889812553,0.7350631424142384,0.7090191337850932,,boolean_prob_true,,,confidence_decile,0.63
baseline.robust_0.8B.no_manual,1.0,1.0,,,,,,Baseline 0.8B — no manual,3000,true_false,0.8333333333333334,0.8333333333333334,3000,,,,0.5,boolean_prob_true,1.0,3000,selective_accuracy,0.36133333333333334
baseline.robust_0.8B.no_manual,0.9,0.9,,,,,,Baseline 0.8B — no manual,3000,true_false,0.8255555555555556,0.8255555555555556,2700,,,,0.5467381519846138,boolean_prob_true,0.9,2700,selective_accuracy,0.3662962962962963
baseline.robust_0.8B.no_manual,0.8,0.8,,,,,,Baseline 0.8B — no manual,3000,true_false,0.8141666666666667,0.8141666666666667,2400,,,,0.5736784074525096,boolean_prob_true,0.8,2400,selective_accuracy,0.39416666666666667
baseline.robust_0.8B.no_manual,0.7,0.7,,,,,,Baseline 0.8B — no manual,3000,true_false,0.8066666666666666,0.8066666666666666,2100,,,,0.5964331462646254,boolean_prob_true,0.7,2100,selective_accuracy,0.4238095238095238
baseline.robust_0.8B.no_manual,0.6,0.6,,,,,,Baseline 0.8B — no manual,3000,true_false,0.8038888888888889,0.8038888888888889,1800,,,,0.6150878555160665,boolean_prob_true,0.6,1800,selective_accuracy,0.45055555555555554
baseline.robust_0.8B.no_manual,0.5,0.5,,,,,,Baseline 0.8B — no manual,3000,true_false,0.8,0.8,1500,,,,0.6297746074044134,boolean_prob_true,0.5,1500,selective_accuracy,0.484
baseline.robust_0.8B.no_manual,0.4,0.4,,,,,,Baseline 0.8B — no manual,3000,true_false,0.7941666666666667,0.7941666666666667,1200,,,,0.6477982179521103,boolean_prob_true,0.4,1200,selective_accuracy,0.5291666666666667
baseline.robust_0.8B.no_manual,0.3,0.3,,,,,,Baseline 0.8B — no manual,3000,true_false,0.79,0.79,900,,,,0.665410558746814,boolean_prob_true,0.3,900,selective_accuracy,0.5711111111111111
baseline.robust_0.8B.no_manual,0.2,0.2,,,,,,Baseline 0.8B — no manual,3000,true_false,0.7733333333333333,0.7733333333333333,600,,,,0.6859494550081925,boolean_prob_true,0.2,600,selective_accuracy,0.6033333333333334
baseline.robust_0.8B.no_manual,0.1,0.1,,,,,,Baseline 0.8B — no manual,3000,true_false,0.78,0.78,300,,,,0.7090191337850932,boolean_prob_true,0.1,300,selective_accuracy,0.66
baseline.robust_0.8B.with_manual,,,300,0.1,0.1,1,"1=lowest confidence, 10=highest confidence",Baseline 0.8B — with manual,,yes_no,0.9233333333333333,0.9233333333333333,300,0.9559813501370537,0.9486879104416931,0.8962513731336202,,verdict_prob_belongs,,,confidence_decile,0.05333333333333334
baseline.robust_0.8B.with_manual,,,300,0.1,0.1,2,"1=lowest confidence, 10=highest confidence",Baseline 0.8B — with manual,,yes_no,0.8833333333333333,0.8833333333333333,300,0.9609517072737735,0.9584573641606723,0.9559813501370537,,verdict_prob_belongs,,,confidence_decile,0.07666666666666666
baseline.robust_0.8B.with_manual,,,300,0.1,0.1,3,"1=lowest confidence, 10=highest confidence",Baseline 0.8B — with manual,,yes_no,0.85,0.85,300,0.9637799441350253,0.9625272141529784,0.9609517072737735,,verdict_prob_belongs,,,confidence_decile,0.15
baseline.robust_0.8B.with_manual,,,300,0.1,0.1,4,"1=lowest confidence, 10=highest confidence",Baseline 0.8B — with manual,,yes_no,0.8066666666666666,0.8066666666666666,300,0.9664104943498959,0.9652582512904856,0.9637799441350253,,verdict_prob_belongs,,,confidence_decile,0.21
baseline.robust_0.8B.with_manual,,,300,0.1,0.1,5,"1=lowest confidence, 10=highest confidence",Baseline 0.8B — with manual,,yes_no,0.78,0.78,300,0.9688561694652216,0.9677098735951012,0.9664104943498959,,verdict_prob_belongs,,,confidence_decile,0.25666666666666665
baseline.robust_0.8B.with_manual,,,300,0.1,0.1,6,"1=lowest confidence, 10=highest confidence",Baseline 0.8B — with manual,,yes_no,0.78,0.78,300,0.9706877692486436,0.9697483904388173,0.9688561694652216,,verdict_prob_belongs,,,confidence_decile,0.2866666666666667
baseline.robust_0.8B.with_manual,,,300,0.1,0.1,7,"1=lowest confidence, 10=highest confidence",Baseline 0.8B — with manual,,yes_no,0.75,0.75,300,0.9728307684643189,0.9717906108792844,0.9706877692486436,,verdict_prob_belongs,,,confidence_decile,0.42
baseline.robust_0.8B.with_manual,,,300,0.1,0.1,8,"1=lowest confidence, 10=highest confidence",Baseline 0.8B — with manual,,yes_no,0.72,0.72,300,0.9752018398044143,0.9739728019961177,0.9728307684643189,,verdict_prob_belongs,,,confidence_decile,0.49666666666666665
baseline.robust_0.8B.with_manual,,,300,0.1,0.1,9,"1=lowest confidence, 10=highest confidence",Baseline 0.8B — with manual,,yes_no,0.7533333333333333,0.7533333333333333,300,0.9777138144607745,0.9764483564910741,0.9752018398044143,,verdict_prob_belongs,,,confidence_decile,0.6
baseline.robust_0.8B.with_manual,,,300,0.1,0.1,10,"1=lowest confidence, 10=highest confidence",Baseline 0.8B — with manual,,yes_no,0.77,0.77,300,0.988841968751916,0.9804695528916885,0.9777138144607745,,verdict_prob_belongs,,,confidence_decile,0.7833333333333333
baseline.robust_0.8B.with_manual,1.0,1.0,,,,,,Baseline 0.8B — with manual,3000,yes_no,0.8016666666666666,0.8016666666666666,3000,,,,0.8962513731336202,verdict_prob_belongs,1.0,3000,selective_accuracy,0.3333333333333333
baseline.robust_0.8B.with_manual,0.9,0.9,,,,,,Baseline 0.8B — with manual,3000,yes_no,0.7881481481481482,0.7881481481481482,2700,,,,0.9559813501370537,verdict_prob_belongs,0.9,2700,selective_accuracy,0.36518518518518517
baseline.robust_0.8B.with_manual,0.8,0.8,,,,,,Baseline 0.8B — with manual,3000,yes_no,0.7754166666666666,0.7754166666666666,2400,,,,0.9609517072737735,verdict_prob_belongs,0.8,2400,selective_accuracy,0.40125
baseline.robust_0.8B.with_manual,0.7,0.7,,,,,,Baseline 0.8B — with manual,3000,yes_no,0.7638095238095238,0.7638095238095238,2100,,,,0.9637799441350253,verdict_prob_belongs,0.7,2100,selective_accuracy,0.4438095238095238
baseline.robust_0.8B.with_manual,0.6,0.6,,,,,,Baseline 0.8B — with manual,3000,yes_no,0.7566666666666667,0.7566666666666667,1800,,,,0.9664104943498959,verdict_prob_belongs,0.6,1800,selective_accuracy,0.48055555555555557
baseline.robust_0.8B.with_manual,0.5,0.5,,,,,,Baseline 0.8B — with manual,3000,yes_no,0.752,0.752,1500,,,,0.9688561694652216,verdict_prob_belongs,0.5,1500,selective_accuracy,0.524
baseline.robust_0.8B.with_manual,0.4,0.4,,,,,,Baseline 0.8B — with manual,3000,yes_no,0.745,0.745,1200,,,,0.9706877692486436,verdict_prob_belongs,0.4,1200,selective_accuracy,0.5841666666666666
baseline.robust_0.8B.with_manual,0.3,0.3,,,,,,Baseline 0.8B — with manual,3000,yes_no,0.74,0.74,900,,,,0.9728307684643189,verdict_prob_belongs,0.3,900,selective_accuracy,0.6466666666666666
baseline.robust_0.8B.with_manual,0.2,0.2,,,,,,Baseline 0.8B — with manual,3000,yes_no,0.7616666666666667,0.7616666666666667,600,,,,0.9752018398044143,verdict_prob_belongs,0.2,600,selective_accuracy,0.7133333333333334
baseline.robust_0.8B.with_manual,0.1,0.1,,,,,,Baseline 0.8B — with manual,3000,yes_no,0.77,0.77,300,,,,0.9777138144607745,verdict_prob_belongs,0.1,300,selective_accuracy,0.8033333333333333
baseline.robust_0.8B.with_manual,,,300,0.1,0.1,1,"1=lowest confidence, 10=highest confidence",Baseline 0.8B — with manual,,true_false,0.7966666666666666,0.7966666666666666,300,0.5078118642792044,0.5032290103827047,0.5,,boolean_prob_true,,,confidence_decile,0.4033333333333333
baseline.robust_0.8B.with_manual,,,300,0.1,0.1,2,"1=lowest confidence, 10=highest confidence",Baseline 0.8B — with manual,,true_false,0.7933333333333333,0.7933333333333333,300,0.5117166047041654,0.509451855257688,0.5078118642792044,,boolean_prob_true,,,confidence_decile,0.6466666666666666
baseline.robust_0.8B.with_manual,,,300,0.1,0.1,3,"1=lowest confidence, 10=highest confidence",Baseline 0.8B — with manual,,true_false,0.7266666666666667,0.7266666666666667,300,0.5195213219520929,0.5160229721431642,0.5117166047041654,,boolean_prob_true,,,confidence_decile,0.5333333333333333
baseline.robust_0.8B.with_manual,,,300,0.1,0.1,4,"1=lowest confidence, 10=highest confidence",Baseline 0.8B — with manual,,true_false,0.7633333333333333,0.7633333333333333,300,0.523420348936324,0.5220816830050714,0.5195213219520929,,boolean_prob_true,,,confidence_decile,0.59
baseline.robust_0.8B.with_manual,,,300,0.1,0.1,5,"1=lowest confidence, 10=highest confidence",Baseline 0.8B — with manual,,true_false,0.79,0.79,300,0.5312093733737563,0.5295872528093725,0.523420348936324,,boolean_prob_true,,,confidence_decile,0.6033333333333334
baseline.robust_0.8B.with_manual,,,300,0.1,0.1,6,"1=lowest confidence, 10=highest confidence",Baseline 0.8B — with manual,,true_false,0.81,0.81,300,0.5428632831725051,0.5373124934276117,0.5312093733737563,,boolean_prob_true,,,confidence_decile,0.61
baseline.robust_0.8B.with_manual,,,300,0.1,0.1,7,"1=lowest confidence, 10=highest confidence",Baseline 0.8B — with manual,,true_false,0.78,0.78,300,0.5506073655352404,0.5458591132032098,0.5428632831725051,,boolean_prob_true,,,confidence_decile,0.7266666666666667
baseline.robust_0.8B.with_manual,,,300,0.1,0.1,8,"1=lowest confidence, 10=highest confidence",Baseline 0.8B — with manual,,true_false,0.7933333333333333,0.7933333333333333,300,0.5621765008857982,0.5566400087467346,0.5506073655352404,,boolean_prob_true,,,confidence_decile,0.6833333333333333
baseline.robust_0.8B.with_manual,,,300,0.1,0.1,9,"1=lowest confidence, 10=highest confidence",Baseline 0.8B — with manual,,true_false,0.83,0.83,300,0.5813030906443133,0.5714650153392771,0.5621765008857982,,boolean_prob_true,,,confidence_decile,0.81
baseline.robust_0.8B.with_manual,,,300,0.1,0.1,10,"1=lowest confidence, 10=highest confidence",Baseline 0.8B — with manual,,true_false,0.9333333333333333,0.9333333333333333,300,0.7310585786300049,0.6012849408851565,0.5813030906443133,,boolean_prob_true,,,confidence_decile,0.9066666666666666
baseline.robust_0.8B.with_manual,1.0,1.0,,,,,,Baseline 0.8B — with manual,3000,true_false,0.8016666666666666,0.8016666666666666,3000,,,,0.5,boolean_prob_true,1.0,3000,selective_accuracy,0.6513333333333333
baseline.robust_0.8B.with_manual,0.9,0.9,,,,,,Baseline 0.8B — with manual,3000,true_false,0.8,0.8,2700,,,,0.5078118642792044,boolean_prob_true,0.9,2700,selective_accuracy,0.6633333333333333
baseline.robust_0.8B.with_manual,0.8,0.8,,,,,,Baseline 0.8B — with manual,3000,true_false,0.8025,0.8025,2400,,,,0.5117166047041654,boolean_prob_true,0.8,2400,selective_accuracy,0.68875
baseline.robust_0.8B.with_manual,0.7,0.7,,,,,,Baseline 0.8B — with manual,3000,true_false,0.8128571428571428,0.8128571428571428,2100,,,,0.5195213219520929,boolean_prob_true,0.7,2100,selective_accuracy,0.7133333333333334
baseline.robust_0.8B.with_manual,0.6,0.6,,,,,,Baseline 0.8B — with manual,3000,true_false,0.8222222222222222,0.8222222222222222,1800,,,,0.523420348936324,boolean_prob_true,0.6,1800,selective_accuracy,0.7283333333333334
baseline.robust_0.8B.with_manual,0.5,0.5,,,,,,Baseline 0.8B — with manual,3000,true_false,0.828,0.828,1500,,,,0.5312093733737563,boolean_prob_true,0.5,1500,selective_accuracy,0.7546666666666667
baseline.robust_0.8B.with_manual,0.4,0.4,,,,,,Baseline 0.8B — with manual,3000,true_false,0.8325,0.8325,1200,,,,0.5428632831725051,boolean_prob_true,0.4,1200,selective_accuracy,0.7758333333333334
baseline.robust_0.8B.with_manual,0.3,0.3,,,,,,Baseline 0.8B — with manual,3000,true_false,0.8422222222222222,0.8422222222222222,900,,,,0.5506073655352404,boolean_prob_true,0.3,900,selective_accuracy,0.7811111111111111
baseline.robust_0.8B.with_manual,0.2,0.2,,,,,,Baseline 0.8B — with manual,3000,true_false,0.865,0.865,600,,,,0.5621765008857982,boolean_prob_true,0.2,600,selective_accuracy,0.8266666666666667
baseline.robust_0.8B.with_manual,0.1,0.1,,,,,,Baseline 0.8B — with manual,3000,true_false,0.93,0.93,300,,,,0.5813030906443133,boolean_prob_true,0.1,300,selective_accuracy,0.8933333333333333
baseline.robust_2B.no_manual,,,300,0.1,0.1,1,"1=lowest confidence, 10=highest confidence",Baseline 2B — no manual,,yes_no,0.9166666666666666,0.9166666666666666,300,0.7057850278370112,0.619652190889296,0.5,,verdict_prob_belongs,,,confidence_decile,0.15
baseline.robust_2B.no_manual,,,300,0.1,0.1,2,"1=lowest confidence, 10=highest confidence",Baseline 2B — no manual,,yes_no,0.8066666666666666,0.8066666666666666,300,0.7892336936802291,0.7503206008681313,0.7057850278370112,,verdict_prob_belongs,,,confidence_decile,0.24
baseline.robust_2B.no_manual,,,300,0.1,0.1,3,"1=lowest confidence, 10=highest confidence",Baseline 2B — no manual,,yes_no,0.76,0.76,300,0.8519528019683105,0.8217226379877487,0.7905303186696747,,verdict_prob_belongs,,,confidence_decile,0.3566666666666667
baseline.robust_2B.no_manual,,,300,0.1,0.1,4,"1=lowest confidence, 10=highest confidence",Baseline 2B — no manual,,yes_no,0.77,0.77,300,0.9005297861178929,0.8789152093540791,0.8529354795409523,,verdict_prob_belongs,,,confidence_decile,0.55
baseline.robust_2B.no_manual,,,300,0.1,0.1,5,"1=lowest confidence, 10=highest confidence",Baseline 2B — no manual,,yes_no,0.8,0.8,300,0.9257686295391642,0.9132449807522938,0.9005297861178929,,verdict_prob_belongs,,,confidence_decile,0.7733333333333333
baseline.robust_2B.no_manual,,,300,0.1,0.1,6,"1=lowest confidence, 10=highest confidence",Baseline 2B — no manual,,yes_no,0.8766666666666667,0.8766666666666667,300,0.9441768588653856,0.9353837874323311,0.9263037302939515,,verdict_prob_belongs,,,confidence_decile,0.8566666666666667
baseline.robust_2B.no_manual,,,300,0.1,0.1,7,"1=lowest confidence, 10=highest confidence",Baseline 2B — no manual,,yes_no,0.9033333333333333,0.9033333333333333,300,0.9566342012360932,0.9506698699021012,0.9443823883953985,,verdict_prob_belongs,,,confidence_decile,0.9233333333333333
baseline.robust_2B.no_manual,,,300,0.1,0.1,8,"1=lowest confidence, 10=highest confidence",Baseline 2B — no manual,,yes_no,0.9433333333333334,0.9433333333333334,300,0.9676556676188429,0.9625680593041538,0.9566342012360932,,verdict_prob_belongs,,,confidence_decile,0.95
baseline.robust_2B.no_manual,,,300,0.1,0.1,9,"1=lowest confidence, 10=highest confidence",Baseline 2B — no manual,,yes_no,0.9533333333333334,0.9533333333333334,300,0.9766692746531729,0.9722195647987403,0.9676556676188429,,verdict_prob_belongs,,,confidence_decile,0.96
baseline.robust_2B.no_manual,,,300,0.1,0.1,10,"1=lowest confidence, 10=highest confidence",Baseline 2B — no manual,,yes_no,0.9633333333333334,0.9633333333333334,300,0.9958174978702922,0.9827100528125898,0.9767581184990695,,verdict_prob_belongs,,,confidence_decile,0.9766666666666667
baseline.robust_2B.no_manual,1.0,1.0,,,,,,Baseline 2B — no manual,3000,yes_no,0.8693333333333333,0.8693333333333333,3000,,,,0.5,verdict_prob_belongs,1.0,3000,selective_accuracy,0.6736666666666666
baseline.robust_2B.no_manual,0.9,0.9,,,,,,Baseline 2B — no manual,3000,yes_no,0.8644444444444445,0.8644444444444445,2700,,,,0.7057850278370112,verdict_prob_belongs,0.9,2700,selective_accuracy,0.7307407407407407
baseline.robust_2B.no_manual,0.8,0.8,,,,,,Baseline 2B — no manual,3000,yes_no,0.87125,0.87125,2400,,,,0.7905303186696747,verdict_prob_belongs,0.8,2400,selective_accuracy,0.7933333333333333
baseline.robust_2B.no_manual,0.7,0.7,,,,,,Baseline 2B — no manual,3000,yes_no,0.8871428571428571,0.8871428571428571,2100,,,,0.8529354795409523,verdict_prob_belongs,0.7,2100,selective_accuracy,0.8557142857142858
baseline.robust_2B.no_manual,0.6,0.6,,,,,,Baseline 2B — no manual,3000,yes_no,0.9061111111111111,0.9061111111111111,1800,,,,0.9005297861178929,verdict_prob_belongs,0.6,1800,selective_accuracy,0.9055555555555556
baseline.robust_2B.no_manual,0.5,0.5,,,,,,Baseline 2B — no manual,3000,yes_no,0.928,0.928,1500,,,,0.9263037302939515,verdict_prob_belongs,0.5,1500,selective_accuracy,0.9333333333333333
baseline.robust_2B.no_manual,0.4,0.4,,,,,,Baseline 2B — no manual,3000,yes_no,0.9408333333333333,0.9408333333333333,1200,,,,0.9443823883953985,verdict_prob_belongs,0.4,1200,selective_accuracy,0.9525
baseline.robust_2B.no_manual,0.3,0.3,,,,,,Baseline 2B — no manual,3000,yes_no,0.9533333333333334,0.9533333333333334,900,,,,0.9566342012360932,verdict_prob_belongs,0.3,900,selective_accuracy,0.9622222222222222
baseline.robust_2B.no_manual,0.2,0.2,,,,,,Baseline 2B — no manual,3000,yes_no,0.9583333333333334,0.9583333333333334,600,,,,0.9676556676188429,verdict_prob_belongs,0.2,600,selective_accuracy,0.9683333333333334
baseline.robust_2B.no_manual,0.1,0.1,,,,,,Baseline 2B — no manual,3000,yes_no,0.9633333333333334,0.9633333333333334,300,,,,0.9767581184990695,verdict_prob_belongs,0.1,300,selective_accuracy,0.9766666666666667
baseline.robust_2B.no_manual,,,300,0.1,0.1,1,"1=lowest confidence, 10=highest confidence",Baseline 2B — no manual,,true_false,0.8833333333333333,0.8833333333333333,300,0.5273165233795671,0.5141390522847812,0.5,,boolean_prob_true,,,confidence_decile,0.5
baseline.robust_2B.no_manual,,,300,0.1,0.1,2,"1=lowest confidence, 10=highest confidence",Baseline 2B — no manual,,true_false,0.89,0.89,300,0.5583269943353745,0.5425026868310234,0.5273165233795671,,boolean_prob_true,,,confidence_decile,0.42333333333333334
baseline.robust_2B.no_manual,,,300,0.1,0.1,3,"1=lowest confidence, 10=highest confidence",Baseline 2B — no manual,,true_false,0.9133333333333333,0.9133333333333333,300,0.588889130767832,0.5727841623641758,0.5583269943353745,,boolean_prob_true,,,confidence_decile,0.5333333333333333
baseline.robust_2B.no_manual,,,300,0.1,0.1,4,"1=lowest confidence, 10=highest confidence",Baseline 2B — no manual,,true_false,0.87,0.87,300,0.6224593312018546,0.6061748652767163,0.588889130767832,,boolean_prob_true,,,confidence_decile,0.47
baseline.robust_2B.no_manual,,,300,0.1,0.1,5,"1=lowest confidence, 10=highest confidence",Baseline 2B — no manual,,true_false,0.85,0.85,300,0.658417500561683,0.6401581826210917,0.6224593312018546,,boolean_prob_true,,,confidence_decile,0.46
baseline.robust_2B.no_manual,,,300,0.1,0.1,6,"1=lowest confidence, 10=highest confidence",Baseline 2B — no manual,,true_false,0.8933333333333333,0.8933333333333333,300,0.6959583250334526,0.6767166751916218,0.658417500561683,,boolean_prob_true,,,confidence_decile,0.48333333333333334
baseline.robust_2B.no_manual,,,300,0.1,0.1,7,"1=lowest confidence, 10=highest confidence",Baseline 2B — no manual,,true_false,0.8433333333333334,0.8433333333333334,300,0.7310585786300049,0.7127309499930198,0.6959583250334526,,boolean_prob_true,,,confidence_decile,0.5166666666666667
baseline.robust_2B.no_manual,,,300,0.1,0.1,8,"1=lowest confidence, 10=highest confidence",Baseline 2B — no manual,,true_false,0.8266666666666667,0.8266666666666667,300,0.7704647868335476,0.7500088663379504,0.7310585786300049,,boolean_prob_true,,,confidence_decile,0.5433333333333333
baseline.robust_2B.no_manual,,,300,0.1,0.1,9,"1=lowest confidence, 10=highest confidence",Baseline 2B — no manual,,true_false,0.84,0.84,300,0.8267117940706734,0.7971611053946869,0.7704647868335476,,boolean_prob_true,,,confidence_decile,0.6266666666666667
baseline.robust_2B.no_manual,,,300,0.1,0.1,10,"1=lowest confidence, 10=highest confidence",Baseline 2B — no manual,,true_false,0.8833333333333333,0.8833333333333333,300,0.9786311122448239,0.8720860469857876,0.8267117940706734,,boolean_prob_true,,,confidence_decile,0.6733333333333333
baseline.robust_2B.no_manual,1.0,1.0,,,,,,Baseline 2B — no manual,3000,true_false,0.8693333333333333,0.8693333333333333,3000,,,,0.5,boolean_prob_true,1.0,3000,selective_accuracy,0.523
baseline.robust_2B.no_manual,0.9,0.9,,,,,,Baseline 2B — no manual,3000,true_false,0.8674074074074074,0.8674074074074074,2700,,,,0.5273165233795671,boolean_prob_true,0.9,2700,selective_accuracy,0.5274074074074074
baseline.robust_2B.no_manual,0.8,0.8,,,,,,Baseline 2B — no manual,3000,true_false,0.86375,0.86375,2400,,,,0.5583269943353745,boolean_prob_true,0.8,2400,selective_accuracy,0.5366666666666666
baseline.robust_2B.no_manual,0.7,0.7,,,,,,Baseline 2B — no manual,3000,true_false,0.8576190476190476,0.8576190476190476,2100,,,,0.588889130767832,boolean_prob_true,0.7,2100,selective_accuracy,0.5380952380952381
baseline.robust_2B.no_manual,0.6,0.6,,,,,,Baseline 2B — no manual,3000,true_false,0.8577777777777778,0.8577777777777778,1800,,,,0.6224593312018546,boolean_prob_true,0.6,1800,selective_accuracy,0.555
baseline.robust_2B.no_manual,0.5,0.5,,,,,,Baseline 2B — no manual,3000,true_false,0.8573333333333333,0.8573333333333333,1500,,,,0.658417500561683,boolean_prob_true,0.5,1500,selective_accuracy,0.5693333333333334
baseline.robust_2B.no_manual,0.4,0.4,,,,,,Baseline 2B — no manual,3000,true_false,0.8491666666666666,0.8491666666666666,1200,,,,0.6959583250334526,boolean_prob_true,0.4,1200,selective_accuracy,0.5933333333333334
baseline.robust_2B.no_manual,0.3,0.3,,,,,,Baseline 2B — no manual,3000,true_false,0.8488888888888889,0.8488888888888889,900,,,,0.7310585786300049,boolean_prob_true,0.3,900,selective_accuracy,0.62
baseline.robust_2B.no_manual,0.2,0.2,,,,,,Baseline 2B — no manual,3000,true_false,0.8633333333333333,0.8633333333333333,600,,,,0.7704647868335476,boolean_prob_true,0.2,600,selective_accuracy,0.6516666666666666
baseline.robust_2B.no_manual,0.1,0.1,,,,,,Baseline 2B — no manual,3000,true_false,0.8833333333333333,0.8833333333333333,300,,,,0.8267117940706734,boolean_prob_true,0.1,300,selective_accuracy,0.6833333333333333
baseline.robust_2B.with_manual,,,300,0.1,0.1,1,"1=lowest confidence, 10=highest confidence",Baseline 2B — with manual,,yes_no,0.8633333333333333,0.8633333333333333,300,0.7185943925708562,0.6621170151147324,0.5019531150659532,,verdict_prob_belongs,,,confidence_decile,0.18
baseline.robust_2B.with_manual,,,300,0.1,0.1,2,"1=lowest confidence, 10=highest confidence",Baseline 2B — with manual,,yes_no,0.7766666666666666,0.7766666666666666,300,0.7690802370707281,0.7456591217536961,0.7185943925708562,,verdict_prob_belongs,,,confidence_decile,0.2833333333333333
baseline.robust_2B.with_manual,,,300,0.1,0.1,3,"1=lowest confidence, 10=highest confidence",Baseline 2B — with manual,,yes_no,0.7466666666666667,0.7466666666666667,300,0.804405915893501,0.7866466853741355,0.7690802370707281,,verdict_prob_belongs,,,confidence_decile,0.4266666666666667
baseline.robust_2B.with_manual,,,300,0.1,0.1,4,"1=lowest confidence, 10=highest confidence",Baseline 2B — with manual,,yes_no,0.8066666666666666,0.8066666666666666,300,0.8344068863691763,0.8200726590451873,0.804405915893501,,verdict_prob_belongs,,,confidence_decile,0.5766666666666667
baseline.robust_2B.with_manual,,,300,0.1,0.1,5,"1=lowest confidence, 10=highest confidence",Baseline 2B — with manual,,yes_no,0.77,0.77,300,0.8596637505099167,0.8483339128031621,0.8344068863691763,,verdict_prob_belongs,,,confidence_decile,0.67
baseline.robust_2B.with_manual,,,300,0.1,0.1,6,"1=lowest confidence, 10=highest confidence",Baseline 2B — with manual,,yes_no,0.8566666666666667,0.8566666666666667,300,0.8818185990895466,0.870916787645884,0.8596637505099167,,verdict_prob_belongs,,,confidence_decile,0.8333333333333334
baseline.robust_2B.with_manual,,,300,0.1,0.1,7,"1=lowest confidence, 10=highest confidence",Baseline 2B — with manual,,yes_no,0.8933333333333333,0.8933333333333333,300,0.8992983918150727,0.8905749067795368,0.8818185990895466,,verdict_prob_belongs,,,confidence_decile,0.8833333333333333
baseline.robust_2B.with_manual,,,300,0.1,0.1,8,"1=lowest confidence, 10=highest confidence",Baseline 2B — with manual,,yes_no,0.9033333333333333,0.9033333333333333,300,0.9164093322460585,0.9078812254901382,0.8994751304753559,,verdict_prob_belongs,,,confidence_decile,0.9033333333333333
baseline.robust_2B.with_manual,,,300,0.1,0.1,9,"1=lowest confidence, 10=highest confidence",Baseline 2B — with manual,,yes_no,0.9233333333333333,0.9233333333333333,300,0.9349912700743233,0.925569945433022,0.9164093322460585,,verdict_prob_belongs,,,confidence_decile,0.95
baseline.robust_2B.with_manual,,,300,0.1,0.1,10,"1=lowest confidence, 10=highest confidence",Baseline 2B — with manual,,yes_no,0.96,0.96,300,0.9785082352263271,0.9494123115705317,0.9351098852678381,,verdict_prob_belongs,,,confidence_decile,0.9766666666666667
baseline.robust_2B.with_manual,1.0,1.0,,,,,,Baseline 2B — with manual,3000,yes_no,0.85,0.85,3000,,,,0.5019531150659532,verdict_prob_belongs,1.0,3000,selective_accuracy,0.6683333333333333
baseline.robust_2B.with_manual,0.9,0.9,,,,,,Baseline 2B — with manual,3000,yes_no,0.8481481481481481,0.8481481481481481,2700,,,,0.7185943925708562,verdict_prob_belongs,0.9,2700,selective_accuracy,0.7225925925925926
baseline.robust_2B.with_manual,0.8,0.8,,,,,,Baseline 2B — with manual,3000,yes_no,0.8575,0.8575,2400,,,,0.7690802370707281,verdict_prob_belongs,0.8,2400,selective_accuracy,0.77625
baseline.robust_2B.with_manual,0.7,0.7,,,,,,Baseline 2B — with manual,3000,yes_no,0.8728571428571429,0.8728571428571429,2100,,,,0.804405915893501,verdict_prob_belongs,0.7,2100,selective_accuracy,0.8271428571428572
baseline.robust_2B.with_manual,0.6,0.6,,,,,,Baseline 2B — with manual,3000,yes_no,0.8844444444444445,0.8844444444444445,1800,,,,0.8344068863691763,verdict_prob_belongs,0.6,1800,selective_accuracy,0.8688888888888889
baseline.robust_2B.with_manual,0.5,0.5,,,,,,Baseline 2B — with manual,3000,yes_no,0.9066666666666666,0.9066666666666666,1500,,,,0.8596637505099167,verdict_prob_belongs,0.5,1500,selective_accuracy,0.908
baseline.robust_2B.with_manual,0.4,0.4,,,,,,Baseline 2B — with manual,3000,yes_no,0.92,0.92,1200,,,,0.8818185990895466,verdict_prob_belongs,0.4,1200,selective_accuracy,0.9275
baseline.robust_2B.with_manual,0.3,0.3,,,,,,Baseline 2B — with manual,3000,yes_no,0.9288888888888889,0.9288888888888889,900,,,,0.8994751304753559,verdict_prob_belongs,0.3,900,selective_accuracy,0.9433333333333334
baseline.robust_2B.with_manual,0.2,0.2,,,,,,Baseline 2B — with manual,3000,yes_no,0.9416666666666667,0.9416666666666667,600,,,,0.9164093322460585,verdict_prob_belongs,0.2,600,selective_accuracy,0.9633333333333334
baseline.robust_2B.with_manual,0.1,0.1,,,,,,Baseline 2B — with manual,3000,yes_no,0.96,0.96,300,,,,0.9351098852678381,verdict_prob_belongs,0.1,300,selective_accuracy,0.9766666666666667
baseline.robust_2B.with_manual,,,300,0.1,0.1,1,"1=lowest confidence, 10=highest confidence",Baseline 2B — with manual,,true_false,0.9133333333333333,0.9133333333333333,300,0.8056321889812553,0.7665275451806388,0.5583269943353745,,boolean_prob_true,,,confidence_decile,0.10333333333333333
baseline.robust_2B.with_manual,,,300,0.1,0.1,2,"1=lowest confidence, 10=highest confidence",Baseline 2B — with manual,,true_false,0.9033333333333333,0.9033333333333333,300,0.8365545588915281,0.8233575294416774,0.8056321889812553,,boolean_prob_true,,,confidence_decile,0.14
baseline.robust_2B.with_manual,,,300,0.1,0.1,3,"1=lowest confidence, 10=highest confidence",Baseline 2B — with manual,,true_false,0.87,0.87,300,0.8558511469672594,0.8468048690660447,0.8376199633332891,,boolean_prob_true,,,confidence_decile,0.23666666666666666
baseline.robust_2B.with_manual,,,300,0.1,0.1,4,"1=lowest confidence, 10=highest confidence",Baseline 2B — with manual,,true_false,0.8933333333333333,0.8933333333333333,300,0.8714748610635069,0.864013014540147,0.8558511469672594,,boolean_prob_true,,,confidence_decile,0.25666666666666665
baseline.robust_2B.with_manual,,,300,0.1,0.1,5,"1=lowest confidence, 10=highest confidence",Baseline 2B — with manual,,true_false,0.8666666666666667,0.8666666666666667,300,0.8840392817460332,0.8780737389794945,0.8714748610635069,,boolean_prob_true,,,confidence_decile,0.30666666666666664
baseline.robust_2B.with_manual,,,300,0.1,0.1,6,"1=lowest confidence, 10=highest confidence",Baseline 2B — with manual,,true_false,0.8466666666666667,0.8466666666666667,300,0.8947894632969136,0.8897259402018801,0.8840392817460332,,boolean_prob_true,,,confidence_decile,0.37333333333333335
baseline.robust_2B.with_manual,,,300,0.1,0.1,7,"1=lowest confidence, 10=highest confidence",Baseline 2B — with manual,,true_false,0.8466666666666667,0.8466666666666667,300,0.9059898203834277,0.9003439857118402,0.8947894632969136,,boolean_prob_true,,,confidence_decile,0.4
baseline.robust_2B.with_manual,,,300,0.1,0.1,8,"1=lowest confidence, 10=highest confidence",Baseline 2B — with manual,,true_false,0.8066666666666666,0.8066666666666666,300,0.9173026573249612,0.9118507347355188,0.9059898203834277,,boolean_prob_true,,,confidence_decile,0.41333333333333333
baseline.robust_2B.with_manual,,,300,0.1,0.1,9,"1=lowest confidence, 10=highest confidence",Baseline 2B — with manual,,true_false,0.7733333333333333,0.7733333333333333,300,0.9319595797274409,0.924502984618985,0.9173026573249612,,boolean_prob_true,,,confidence_decile,0.49666666666666665
baseline.robust_2B.with_manual,,,300,0.1,0.1,10,"1=lowest confidence, 10=highest confidence",Baseline 2B — with manual,,true_false,0.78,0.78,300,0.9730365001376665,0.9439775537003294,0.9324533088603709,,boolean_prob_true,,,confidence_decile,0.6066666666666667
baseline.robust_2B.with_manual,1.0,1.0,,,,,,Baseline 2B — with manual,3000,true_false,0.85,0.85,3000,,,,0.5583269943353745,boolean_prob_true,1.0,3000,selective_accuracy,0.3333333333333333
baseline.robust_2B.with_manual,0.9,0.9,,,,,,Baseline 2B — with manual,3000,true_false,0.8433333333333334,0.8433333333333334,2700,,,,0.8056321889812553,boolean_prob_true,0.9,2700,selective_accuracy,0.35962962962962963
baseline.robust_2B.with_manual,0.8,0.8,,,,,,Baseline 2B — with manual,3000,true_false,0.8354166666666667,0.8354166666666667,2400,,,,0.8376199633332891,boolean_prob_true,0.8,2400,selective_accuracy,0.38625
baseline.robust_2B.with_manual,0.7,0.7,,,,,,Baseline 2B — with manual,3000,true_false,0.8285714285714286,0.8285714285714286,2100,,,,0.8558511469672594,boolean_prob_true,0.7,2100,selective_accuracy,0.4123809523809524
baseline.robust_2B.with_manual,0.6,0.6,,,,,,Baseline 2B — with manual,3000,true_false,0.82,0.82,1800,,,,0.8714748610635069,boolean_prob_true,0.6,1800,selective_accuracy,0.43333333333333335
baseline.robust_2B.with_manual,0.5,0.5,,,,,,Baseline 2B — with manual,3000,true_false,0.8113333333333334,0.8113333333333334,1500,,,,0.8840392817460332,boolean_prob_true,0.5,1500,selective_accuracy,0.4633333333333333
baseline.robust_2B.with_manual,0.4,0.4,,,,,,Baseline 2B — with manual,3000,true_false,0.8033333333333333,0.8033333333333333,1200,,,,0.8947894632969136,boolean_prob_true,0.4,1200,selective_accuracy,0.49166666666666664
baseline.robust_2B.with_manual,0.3,0.3,,,,,,Baseline 2B — with manual,3000,true_false,0.7877777777777778,0.7877777777777778,900,,,,0.9059898203834277,boolean_prob_true,0.3,900,selective_accuracy,0.5166666666666667
baseline.robust_2B.with_manual,0.2,0.2,,,,,,Baseline 2B — with manual,3000,true_false,0.7783333333333333,0.7783333333333333,600,,,,0.9173026573249612,boolean_prob_true,0.2,600,selective_accuracy,0.5533333333333333
baseline.robust_2B.with_manual,0.1,0.1,,,,,,Baseline 2B — with manual,3000,true_false,0.78,0.78,300,,,,0.9324533088603709,boolean_prob_true,0.1,300,selective_accuracy,0.6066666666666667
baseline.robust_4B.no_manual,,,300,0.1,0.1,1,"1=lowest confidence, 10=highest confidence",Baseline 4B — no manual,,yes_no,0.7733333333333333,0.7733333333333333,300,0.888758793492457,0.8704075940100614,0.7718434978390747,,verdict_prob_belongs,,,confidence_decile,0.04666666666666667
baseline.robust_4B.no_manual,,,300,0.1,0.1,2,"1=lowest confidence, 10=highest confidence",Baseline 4B — no manual,,yes_no,0.7933333333333333,0.7933333333333333,300,0.904313056994317,0.8977588738560492,0.888758793492457,,verdict_prob_belongs,,,confidence_decile,0.10333333333333333
baseline.robust_4B.no_manual,,,300,0.1,0.1,3,"1=lowest confidence, 10=highest confidence",Baseline 4B — no manual,,yes_no,0.7933333333333333,0.7933333333333333,300,0.9149009549929797,0.9097516110273115,0.904313056994317,,verdict_prob_belongs,,,confidence_decile,0.06666666666666667
baseline.robust_4B.no_manual,,,300,0.1,0.1,4,"1=lowest confidence, 10=highest confidence",Baseline 4B — no manual,,yes_no,0.8,0.8,300,0.9241418199787566,0.919921812817948,0.9149009549929797,,verdict_prob_belongs,,,confidence_decile,0.12666666666666668
baseline.robust_4B.no_manual,,,300,0.1,0.1,5,"1=lowest confidence, 10=highest confidence",Baseline 4B — no manual,,yes_no,0.7766666666666666,0.7766666666666666,300,0.93183562573443,0.9280747430963765,0.9241418199787566,,verdict_prob_belongs,,,confidence_decile,0.18333333333333332
baseline.robust_4B.no_manual,,,300,0.1,0.1,6,"1=lowest confidence, 10=highest confidence",Baseline 4B — no manual,,yes_no,0.75,0.75,300,0.9396923600249307,0.935844047909235,0.9319595797274409,,verdict_prob_belongs,,,confidence_decile,0.24666666666666667
baseline.robust_4B.no_manual,,,300,0.1,0.1,7,"1=lowest confidence, 10=highest confidence",Baseline 4B — no manual,,yes_no,0.78,0.78,300,0.9473810466522863,0.9434638783897272,0.9396923600249307,,verdict_prob_belongs,,,confidence_decile,0.38
baseline.robust_4B.no_manual,,,300,0.1,0.1,8,"1=lowest confidence, 10=highest confidence",Baseline 4B — no manual,,yes_no,0.8066666666666666,0.8066666666666666,300,0.9566342012360932,0.9519554421500137,0.9473810466522863,,verdict_prob_belongs,,,confidence_decile,0.52
baseline.robust_4B.no_manual,,,300,0.1,0.1,9,"1=lowest confidence, 10=highest confidence",Baseline 4B — no manual,,yes_no,0.8433333333333334,0.8433333333333334,300,0.9661559646595075,0.9611980804995705,0.9566342012360932,,verdict_prob_belongs,,,confidence_decile,0.7666666666666667
baseline.robust_4B.no_manual,,,300,0.1,0.1,10,"1=lowest confidence, 10=highest confidence",Baseline 4B — no manual,,yes_no,0.9166666666666666,0.9166666666666666,300,0.9898303422461273,0.972145239891109,0.9661559646595075,,verdict_prob_belongs,,,confidence_decile,0.8933333333333333
baseline.robust_4B.no_manual,1.0,1.0,,,,,,Baseline 4B — no manual,3000,yes_no,0.8033333333333333,0.8033333333333333,3000,,,,0.7718434978390747,verdict_prob_belongs,1.0,3000,selective_accuracy,0.3333333333333333
baseline.robust_4B.no_manual,0.9,0.9,,,,,,Baseline 4B — no manual,3000,yes_no,0.8066666666666666,0.8066666666666666,2700,,,,0.888758793492457,verdict_prob_belongs,0.9,2700,selective_accuracy,0.36518518518518517
baseline.robust_4B.no_manual,0.8,0.8,,,,,,Baseline 4B — no manual,3000,yes_no,0.80875,0.80875,2400,,,,0.904313056994317,verdict_prob_belongs,0.8,2400,selective_accuracy,0.3983333333333333
baseline.robust_4B.no_manual,0.7,0.7,,,,,,Baseline 4B — no manual,3000,yes_no,0.8119047619047619,0.8119047619047619,2100,,,,0.9149009549929797,verdict_prob_belongs,0.7,2100,selective_accuracy,0.4461904761904762
baseline.robust_4B.no_manual,0.6,0.6,,,,,,Baseline 4B — no manual,3000,yes_no,0.8122222222222222,0.8122222222222222,1800,,,,0.9241418199787566,verdict_prob_belongs,0.6,1800,selective_accuracy,0.49833333333333335
baseline.robust_4B.no_manual,0.5,0.5,,,,,,Baseline 4B — no manual,3000,yes_no,0.8193333333333334,0.8193333333333334,1500,,,,0.9319595797274409,verdict_prob_belongs,0.5,1500,selective_accuracy,0.5613333333333334
baseline.robust_4B.no_manual,0.4,0.4,,,,,,Baseline 4B — no manual,3000,yes_no,0.8366666666666667,0.8366666666666667,1200,,,,0.9396923600249307,verdict_prob_belongs,0.4,1200,selective_accuracy,0.6408333333333334
baseline.robust_4B.no_manual,0.3,0.3,,,,,,Baseline 4B — no manual,3000,yes_no,0.8577777777777778,0.8577777777777778,900,,,,0.9473810466522863,verdict_prob_belongs,0.3,900,selective_accuracy,0.7311111111111112
baseline.robust_4B.no_manual,0.2,0.2,,,,,,Baseline 4B — no manual,3000,yes_no,0.8816666666666667,0.8816666666666667,600,,,,0.9566342012360932,verdict_prob_belongs,0.2,600,selective_accuracy,0.8333333333333334
baseline.robust_4B.no_manual,0.1,0.1,,,,,,Baseline 4B — no manual,3000,yes_no,0.9166666666666666,0.9166666666666666,300,,,,0.9661559646595075,verdict_prob_belongs,0.1,300,selective_accuracy,0.8933333333333333
baseline.robust_4B.no_manual,,,300,0.1,0.1,1,"1=lowest confidence, 10=highest confidence",Baseline 4B — no manual,,true_false,0.7766666666666666,0.7766666666666666,300,0.5331544046668082,0.516583971537019,0.5,,boolean_prob_true,,,confidence_decile,0.41333333333333333
baseline.robust_4B.no_manual,,,300,0.1,0.1,2,"1=lowest confidence, 10=highest confidence",Baseline 4B — no manual,,true_false,0.76,0.76,300,0.5602526536332626,0.5469077441828653,0.5331544046668082,,boolean_prob_true,,,confidence_decile,0.32666666666666666
baseline.robust_4B.no_manual,,,300,0.1,0.1,3,"1=lowest confidence, 10=highest confidence",Baseline 4B — no manual,,true_false,0.77,0.77,300,0.5879431053543276,0.5739358819335969,0.5604932347880464,,boolean_prob_true,,,confidence_decile,0.34
baseline.robust_4B.no_manual,,,300,0.1,0.1,4,"1=lowest confidence, 10=highest confidence",Baseline 4B — no manual,,true_false,0.7933333333333333,0.7933333333333333,300,0.6139311785906431,0.6010957417780878,0.5879431053543276,,boolean_prob_true,,,confidence_decile,0.28
baseline.robust_4B.no_manual,,,300,0.1,0.1,5,"1=lowest confidence, 10=highest confidence",Baseline 4B — no manual,,true_false,0.7933333333333333,0.7933333333333333,300,0.6379335232532979,0.6268011057589049,0.6141626173598018,,boolean_prob_true,,,confidence_decile,0.34
baseline.robust_4B.no_manual,,,300,0.1,0.1,6,"1=lowest confidence, 10=highest confidence",Baseline 4B — no manual,,true_false,0.8033333333333333,0.8033333333333333,300,0.6597340709808103,0.649608147425666,0.638046296096764,,boolean_prob_true,,,confidence_decile,0.37
baseline.robust_4B.no_manual,,,300,0.1,0.1,7,"1=lowest confidence, 10=highest confidence",Baseline 4B — no manual,,true_false,0.84,0.84,300,0.6855285546217205,0.671883311237922,0.6597340709808103,,boolean_prob_true,,,confidence_decile,0.4
baseline.robust_4B.no_manual,,,300,0.1,0.1,8,"1=lowest confidence, 10=highest confidence",Baseline 4B — no manual,,true_false,0.7966666666666666,0.7966666666666666,300,0.7121320969647079,0.6981526803763185,0.6855285546217205,,boolean_prob_true,,,confidence_decile,0.43333333333333335
baseline.robust_4B.no_manual,,,300,0.1,0.1,9,"1=lowest confidence, 10=highest confidence",Baseline 4B — no manual,,true_false,0.8366666666666667,0.8366666666666667,300,0.7498206999089312,0.7297267766576454,0.712232184238947,,boolean_prob_true,,,confidence_decile,0.4866666666666667
baseline.robust_4B.no_manual,,,300,0.1,0.1,10,"1=lowest confidence, 10=highest confidence",Baseline 4B — no manual,,true_false,0.8633333333333333,0.8633333333333333,300,0.8883720089593933,0.7870135124575218,0.7498206999089312,,boolean_prob_true,,,confidence_decile,0.57
baseline.robust_4B.no_manual,1.0,1.0,,,,,,Baseline 4B — no manual,3000,true_false,0.8033333333333333,0.8033333333333333,3000,,,,0.5,boolean_prob_true,1.0,3000,selective_accuracy,0.396
baseline.robust_4B.no_manual,0.9,0.9,,,,,,Baseline 4B — no manual,3000,true_false,0.8055555555555556,0.8055555555555556,2700,,,,0.5331544046668082,boolean_prob_true,0.9,2700,selective_accuracy,0.3940740740740741
baseline.robust_4B.no_manual,0.8,0.8,,,,,,Baseline 4B — no manual,3000,true_false,0.8120833333333334,0.8120833333333334,2400,,,,0.5604932347880464,boolean_prob_true,0.8,2400,selective_accuracy,0.4025
baseline.robust_4B.no_manual,0.7,0.7,,,,,,Baseline 4B — no manual,3000,true_false,0.8180952380952381,0.8180952380952381,2100,,,,0.5879431053543276,boolean_prob_true,0.7,2100,selective_accuracy,0.4123809523809524
baseline.robust_4B.no_manual,0.6,0.6,,,,,,Baseline 4B — no manual,3000,true_false,0.8222222222222222,0.8222222222222222,1800,,,,0.6141626173598018,boolean_prob_true,0.6,1800,selective_accuracy,0.43333333333333335
baseline.robust_4B.no_manual,0.5,0.5,,,,,,Baseline 4B — no manual,3000,true_false,0.828,0.828,1500,,,,0.638046296096764,boolean_prob_true,0.5,1500,selective_accuracy,0.452
baseline.robust_4B.no_manual,0.4,0.4,,,,,,Baseline 4B — no manual,3000,true_false,0.8341666666666666,0.8341666666666666,1200,,,,0.6597340709808103,boolean_prob_true,0.4,1200,selective_accuracy,0.47333333333333333
baseline.robust_4B.no_manual,0.3,0.3,,,,,,Baseline 4B — no manual,3000,true_false,0.8311111111111111,0.8311111111111111,900,,,,0.6855285546217205,boolean_prob_true,0.3,900,selective_accuracy,0.49666666666666665
baseline.robust_4B.no_manual,0.2,0.2,,,,,,Baseline 4B — no manual,3000,true_false,0.85,0.85,600,,,,0.712232184238947,boolean_prob_true,0.2,600,selective_accuracy,0.5283333333333333
baseline.robust_4B.no_manual,0.1,0.1,,,,,,Baseline 4B — no manual,3000,true_false,0.8666666666666667,0.8666666666666667,300,,,,0.7498206999089312,boolean_prob_true,0.1,300,selective_accuracy,0.5733333333333334
baseline.robust_4B.with_manual,,,300,0.1,0.1,1,"1=lowest confidence, 10=highest confidence",Baseline 4B — with manual,,yes_no,0.48,0.48,300,0.5655387048199066,0.5340702250227723,0.5,,verdict_prob_belongs,,,confidence_decile,0.23333333333333334
baseline.robust_4B.with_manual,,,300,0.1,0.1,2,"1=lowest confidence, 10=highest confidence",Baseline 4B — with manual,,yes_no,0.41333333333333333,0.41333333333333333,300,0.6067314954360127,0.5877120439576204,0.5655387048199066,,verdict_prob_belongs,,,confidence_decile,0.1
baseline.robust_4B.with_manual,,,300,0.1,0.1,3,"1=lowest confidence, 10=highest confidence",Baseline 4B — with manual,,yes_no,0.39,0.39,300,0.6368684827661442,0.6222749773257324,0.6067314954360127,,verdict_prob_belongs,,,confidence_decile,0.08333333333333333
baseline.robust_4B.with_manual,,,300,0.1,0.1,4,"1=lowest confidence, 10=highest confidence",Baseline 4B — with manual,,yes_no,0.4166666666666667,0.4166666666666667,300,0.6627964666451921,0.6504509299211585,0.6370307944803831,,verdict_prob_belongs,,,confidence_decile,0.1
baseline.robust_4B.with_manual,,,300,0.1,0.1,5,"1=lowest confidence, 10=highest confidence",Baseline 4B — with manual,,yes_no,0.43666666666666665,0.43666666666666665,300,0.6907677265068792,0.6773372058873858,0.6627964666451921,,verdict_prob_belongs,,,confidence_decile,0.18
baseline.robust_4B.with_manual,,,300,0.1,0.1,6,"1=lowest confidence, 10=highest confidence",Baseline 4B — with manual,,yes_no,0.47,0.47,300,0.718396873379401,0.7047259641612423,0.6907677265068792,,verdict_prob_belongs,,,confidence_decile,0.2833333333333333
baseline.robust_4B.with_manual,,,300,0.1,0.1,7,"1=lowest confidence, 10=highest confidence",Baseline 4B — with manual,,yes_no,0.5333333333333333,0.5333333333333333,300,0.7483522975713798,0.7329449504582217,0.7184956435115255,,verdict_prob_belongs,,,confidence_decile,0.38333333333333336
baseline.robust_4B.with_manual,,,300,0.1,0.1,8,"1=lowest confidence, 10=highest confidence",Baseline 4B — with manual,,yes_no,0.69,0.69,300,0.7823300652229036,0.7651825576369786,0.7483522975713798,,verdict_prob_belongs,,,confidence_decile,0.61
baseline.robust_4B.with_manual,,,300,0.1,0.1,9,"1=lowest confidence, 10=highest confidence",Baseline 4B — with manual,,yes_no,0.77,0.77,300,0.8227594829327498,0.8015619815750055,0.7823300652229036,,verdict_prob_belongs,,,confidence_decile,0.7433333333333333
baseline.robust_4B.with_manual,,,300,0.1,0.1,10,"1=lowest confidence, 10=highest confidence",Baseline 4B — with manual,,yes_no,0.8666666666666667,0.8666666666666667,300,0.9496693674025232,0.8515886731648167,0.8227594829327498,,verdict_prob_belongs,,,confidence_decile,0.8566666666666667
baseline.robust_4B.with_manual,1.0,1.0,,,,,,Baseline 4B — with manual,3000,yes_no,0.5466666666666666,0.5466666666666666,3000,,,,0.5,verdict_prob_belongs,1.0,3000,selective_accuracy,0.35733333333333334
baseline.robust_4B.with_manual,0.9,0.9,,,,,,Baseline 4B — with manual,3000,yes_no,0.5537037037037037,0.5537037037037037,2700,,,,0.5655387048199066,verdict_prob_belongs,0.9,2700,selective_accuracy,0.3711111111111111
baseline.robust_4B.with_manual,0.8,0.8,,,,,,Baseline 4B — with manual,3000,yes_no,0.5720833333333334,0.5720833333333334,2400,,,,0.6067314954360127,verdict_prob_belongs,0.8,2400,selective_accuracy,0.40541666666666665
baseline.robust_4B.with_manual,0.7,0.7,,,,,,Baseline 4B — with manual,3000,yes_no,0.5976190476190476,0.5976190476190476,2100,,,,0.6370307944803831,verdict_prob_belongs,0.7,2100,selective_accuracy,0.45095238095238094
baseline.robust_4B.with_manual,0.6,0.6,,,,,,Baseline 4B — with manual,3000,yes_no,0.6283333333333333,0.6283333333333333,1800,,,,0.6627964666451921,verdict_prob_belongs,0.6,1800,selective_accuracy,0.51
baseline.robust_4B.with_manual,0.5,0.5,,,,,,Baseline 4B — with manual,3000,yes_no,0.6653333333333333,0.6653333333333333,1500,,,,0.6907677265068792,verdict_prob_belongs,0.5,1500,selective_accuracy,0.5753333333333334
baseline.robust_4B.with_manual,0.4,0.4,,,,,,Baseline 4B — with manual,3000,yes_no,0.715,0.715,1200,,,,0.7184956435115255,verdict_prob_belongs,0.4,1200,selective_accuracy,0.6483333333333333
baseline.robust_4B.with_manual,0.3,0.3,,,,,,Baseline 4B — with manual,3000,yes_no,0.7766666666666666,0.7766666666666666,900,,,,0.7483522975713798,verdict_prob_belongs,0.3,900,selective_accuracy,0.7377777777777778
baseline.robust_4B.with_manual,0.2,0.2,,,,,,Baseline 4B — with manual,3000,yes_no,0.8183333333333334,0.8183333333333334,600,,,,0.7823300652229036,verdict_prob_belongs,0.2,600,selective_accuracy,0.8
baseline.robust_4B.with_manual,0.1,0.1,,,,,,Baseline 4B — with manual,3000,yes_no,0.87,0.87,300,,,,0.8227594829327498,verdict_prob_belongs,0.1,300,selective_accuracy,0.86
baseline.robust_4B.with_manual,,,300,0.1,0.1,1,"1=lowest confidence, 10=highest confidence",Baseline 4B — with manual,,true_false,0.6666666666666666,0.6666666666666666,300,0.5573635027507514,0.5329911114472036,0.5,,boolean_prob_true,,,confidence_decile,0.49333333333333335
baseline.robust_4B.with_manual,,,300,0.1,0.1,2,"1=lowest confidence, 10=highest confidence",Baseline 4B — with manual,,true_false,0.6533333333333333,0.6533333333333333,300,0.588889130767832,0.5749287903961847,0.5583269943353745,,boolean_prob_true,,,confidence_decile,0.48333333333333334
baseline.robust_4B.with_manual,,,300,0.1,0.1,3,"1=lowest confidence, 10=highest confidence",Baseline 4B — with manual,,true_false,0.5966666666666667,0.5966666666666667,300,0.611381973294151,0.600621317262015,0.588889130767832,,boolean_prob_true,,,confidence_decile,0.5433333333333333
baseline.robust_4B.with_manual,,,300,0.1,0.1,4,"1=lowest confidence, 10=highest confidence",Baseline 4B — with manual,,true_false,0.5533333333333333,0.5533333333333333,300,0.6297746074044134,0.6210722636927842,0.6118459231083437,,boolean_prob_true,,,confidence_decile,0.65
baseline.robust_4B.with_manual,,,300,0.1,0.1,5,"1=lowest confidence, 10=highest confidence",Baseline 4B — with manual,,true_false,0.51,0.51,300,0.6469064710963126,0.6387559947859649,0.6297746074044134,,boolean_prob_true,,,confidence_decile,0.68
baseline.robust_4B.with_manual,,,300,0.1,0.1,6,"1=lowest confidence, 10=highest confidence",Baseline 4B — with manual,,true_false,0.5533333333333333,0.5533333333333333,300,0.663914131511982,0.6555895554571733,0.6469064710963126,,boolean_prob_true,,,confidence_decile,0.6733333333333333
baseline.robust_4B.with_manual,,,300,0.1,0.1,7,"1=lowest confidence, 10=highest confidence",Baseline 4B — with manual,,true_false,0.5166666666666667,0.5166666666666667,300,0.6825737344123242,0.6729082249830739,0.664104769484346,,boolean_prob_true,,,confidence_decile,0.7033333333333334
baseline.robust_4B.with_manual,,,300,0.1,0.1,8,"1=lowest confidence, 10=highest confidence",Baseline 4B — with manual,,true_false,0.49666666666666665,0.49666666666666665,300,0.7008948097542929,0.6911226569674381,0.6825737344123242,,boolean_prob_true,,,confidence_decile,0.7466666666666667
baseline.robust_4B.with_manual,,,300,0.1,0.1,9,"1=lowest confidence, 10=highest confidence",Baseline 4B — with manual,,true_false,0.49,0.49,300,0.7260372900186408,0.7122825006114029,0.7008948097542929,,boolean_prob_true,,,confidence_decile,0.8
baseline.robust_4B.with_manual,,,300,0.1,0.1,10,"1=lowest confidence, 10=highest confidence",Baseline 4B — with manual,,true_false,0.43,0.43,300,0.8296300758720913,0.7534939142246384,0.7264256089751906,,boolean_prob_true,,,confidence_decile,0.91
baseline.robust_4B.with_manual,1.0,1.0,,,,,,Baseline 4B — with manual,3000,true_false,0.5466666666666666,0.5466666666666666,3000,,,,0.5,boolean_prob_true,1.0,3000,selective_accuracy,0.6683333333333333
baseline.robust_4B.with_manual,0.9,0.9,,,,,,Baseline 4B — with manual,3000,true_false,0.5333333333333333,0.5333333333333333,2700,,,,0.5583269943353745,boolean_prob_true,0.9,2700,selective_accuracy,0.6877777777777778
baseline.robust_4B.with_manual,0.8,0.8,,,,,,Baseline 4B — with manual,3000,true_false,0.5191666666666667,0.5191666666666667,2400,,,,0.588889130767832,boolean_prob_true,0.8,2400,selective_accuracy,0.7120833333333333
baseline.robust_4B.with_manual,0.7,0.7,,,,,,Baseline 4B — with manual,3000,true_false,0.5071428571428571,0.5071428571428571,2100,,,,0.6118459231083437,boolean_prob_true,0.7,2100,selective_accuracy,0.7376190476190476
baseline.robust_4B.with_manual,0.6,0.6,,,,,,Baseline 4B — with manual,3000,true_false,0.5005555555555555,0.5005555555555555,1800,,,,0.6297746074044134,boolean_prob_true,0.6,1800,selective_accuracy,0.7511111111111111
baseline.robust_4B.with_manual,0.5,0.5,,,,,,Baseline 4B — with manual,3000,true_false,0.498,0.498,1500,,,,0.6469064710963126,boolean_prob_true,0.5,1500,selective_accuracy,0.7653333333333333
baseline.robust_4B.with_manual,0.4,0.4,,,,,,Baseline 4B — with manual,3000,true_false,0.48333333333333334,0.48333333333333334,1200,,,,0.664104769484346,boolean_prob_true,0.4,1200,selective_accuracy,0.79
baseline.robust_4B.with_manual,0.3,0.3,,,,,,Baseline 4B — with manual,3000,true_false,0.4722222222222222,0.4722222222222222,900,,,,0.6825737344123242,boolean_prob_true,0.3,900,selective_accuracy,0.8177777777777778
baseline.robust_4B.with_manual,0.2,0.2,,,,,,Baseline 4B — with manual,3000,true_false,0.46166666666666667,0.46166666666666667,600,,,,0.7008948097542929,boolean_prob_true,0.2,600,selective_accuracy,0.8533333333333334
baseline.robust_4B.with_manual,0.1,0.1,,,,,,Baseline 4B — with manual,3000,true_false,0.43,0.43,300,,,,0.7264256089751906,boolean_prob_true,0.1,300,selective_accuracy,0.91
interactive.rejudge_2B.ABA,,,300,0.1,0.1,1,"1=lowest confidence, 10=highest confidence",Interactive ABA — rejudged by 2B,,yes_no,0.82,0.82,300,0.672331699179286,0.5911497519809966,0.5,,verdict_prob_belongs,,,confidence_decile,0.23
interactive.rejudge_2B.ABA,,,300,0.1,0.1,2,"1=lowest confidence, 10=highest confidence",Interactive ABA — rejudged by 2B,,yes_no,0.67,0.67,300,0.7490872131147275,0.7127837442548833,0.672331699179286,,verdict_prob_belongs,,,confidence_decile,0.20333333333333334
interactive.rejudge_2B.ABA,,,300,0.1,0.1,3,"1=lowest confidence, 10=highest confidence",Interactive ABA — rejudged by 2B,,yes_no,0.5666666666666667,0.5666666666666667,300,0.8080672135527631,0.7798793593620694,0.7490872131147275,,verdict_prob_belongs,,,confidence_decile,0.3433333333333333
interactive.rejudge_2B.ABA,,,300,0.1,0.1,4,"1=lowest confidence, 10=highest confidence",Interactive ABA — rejudged by 2B,,yes_no,0.5766666666666667,0.5766666666666667,300,0.8519528019683105,0.8298813563867872,0.8080672135527631,,verdict_prob_belongs,,,confidence_decile,0.5733333333333334
interactive.rejudge_2B.ABA,,,300,0.1,0.1,5,"1=lowest confidence, 10=highest confidence",Interactive ABA — rejudged by 2B,,yes_no,0.6066666666666667,0.6066666666666667,300,0.8840392817460332,0.8673741076946228,0.8519528019683105,,verdict_prob_belongs,,,confidence_decile,0.7266666666666667
interactive.rejudge_2B.ABA,,,300,0.1,0.1,6,"1=lowest confidence, 10=highest confidence",Interactive ABA — rejudged by 2B,,yes_no,0.7566666666666667,0.7566666666666667,300,0.907312221360624,0.8962758915678971,0.8840392817460332,,verdict_prob_belongs,,,confidence_decile,0.89
interactive.rejudge_2B.ABA,,,300,0.1,0.1,7,"1=lowest confidence, 10=highest confidence",Interactive ABA — rejudged by 2B,,yes_no,0.8066666666666666,0.8066666666666666,300,0.9263037302939515,0.9179244408804247,0.907312221360624,,verdict_prob_belongs,,,confidence_decile,0.9233333333333333
interactive.rejudge_2B.ABA,,,300,0.1,0.1,8,"1=lowest confidence, 10=highest confidence",Interactive ABA — rejudged by 2B,,yes_no,0.8566666666666667,0.8566666666666667,300,0.9433475746920261,0.9356561880350195,0.9263037302939515,,verdict_prob_belongs,,,confidence_decile,0.9466666666666667
interactive.rejudge_2B.ABA,,,300,0.1,0.1,9,"1=lowest confidence, 10=highest confidence",Interactive ABA — rejudged by 2B,,yes_no,0.9,0.9,300,0.9579122720843811,0.9509580436295287,0.9433475746920261,,verdict_prob_belongs,,,confidence_decile,0.9733333333333334
interactive.rejudge_2B.ABA,,,300,0.1,0.1,10,"1=lowest confidence, 10=highest confidence",Interactive ABA — rejudged by 2B,,yes_no,0.9566666666666667,0.9566666666666667,300,0.9865717452580315,0.9679794303392252,0.9579122720843811,,verdict_prob_belongs,,,confidence_decile,0.9933333333333333
interactive.rejudge_2B.ABA,1.0,1.0,,,,,,Interactive ABA — rejudged by 2B,3000,yes_no,0.7516666666666667,0.7516666666666667,3000,,,,0.5,verdict_prob_belongs,1.0,3000,selective_accuracy,0.6803333333333333
interactive.rejudge_2B.ABA,0.9,0.9,,,,,,Interactive ABA — rejudged by 2B,3000,yes_no,0.7444444444444445,0.7444444444444445,2700,,,,0.672331699179286,verdict_prob_belongs,0.9,2700,selective_accuracy,0.73
interactive.rejudge_2B.ABA,0.8,0.8,,,,,,Interactive ABA — rejudged by 2B,3000,yes_no,0.7529166666666667,0.7529166666666667,2400,,,,0.7490872131147275,verdict_prob_belongs,0.8,2400,selective_accuracy,0.7941666666666667
interactive.rejudge_2B.ABA,0.7,0.7,,,,,,Interactive ABA — rejudged by 2B,3000,yes_no,0.7795238095238095,0.7795238095238095,2100,,,,0.8080672135527631,verdict_prob_belongs,0.7,2100,selective_accuracy,0.8576190476190476
interactive.rejudge_2B.ABA,0.6,0.6,,,,,,Interactive ABA — rejudged by 2B,3000,yes_no,0.8127777777777778,0.8127777777777778,1800,,,,0.8519528019683105,verdict_prob_belongs,0.6,1800,selective_accuracy,0.9077777777777778
interactive.rejudge_2B.ABA,0.5,0.5,,,,,,Interactive ABA — rejudged by 2B,3000,yes_no,0.8526666666666667,0.8526666666666667,1500,,,,0.8840392817460332,verdict_prob_belongs,0.5,1500,selective_accuracy,0.9406666666666667
interactive.rejudge_2B.ABA,0.4,0.4,,,,,,Interactive ABA — rejudged by 2B,3000,yes_no,0.8766666666666667,0.8766666666666667,1200,,,,0.907312221360624,verdict_prob_belongs,0.4,1200,selective_accuracy,0.9533333333333334
interactive.rejudge_2B.ABA,0.3,0.3,,,,,,Interactive ABA — rejudged by 2B,3000,yes_no,0.9055555555555556,0.9055555555555556,900,,,,0.9263037302939515,verdict_prob_belongs,0.3,900,selective_accuracy,0.97
interactive.rejudge_2B.ABA,0.2,0.2,,,,,,Interactive ABA — rejudged by 2B,3000,yes_no,0.9233333333333333,0.9233333333333333,600,,,,0.9433475746920261,verdict_prob_belongs,0.2,600,selective_accuracy,0.9816666666666667
interactive.rejudge_2B.ABA,0.1,0.1,,,,,,Interactive ABA — rejudged by 2B,3000,yes_no,0.96,0.96,300,,,,0.9579122720843811,verdict_prob_belongs,0.1,300,selective_accuracy,0.9933333333333333
interactive.rejudge_2B.ABA,,,300,0.1,0.1,1,"1=lowest confidence, 10=highest confidence",Interactive ABA — rejudged by 2B,,true_false,0.85,0.85,300,0.658417500561683,0.591109504499147,0.5,,boolean_prob_true,,,confidence_decile,0.18
interactive.rejudge_2B.ABA,,,300,0.1,0.1,2,"1=lowest confidence, 10=highest confidence",Interactive ABA — rejudged by 2B,,true_false,0.71,0.71,300,0.7248702761768249,0.6957209651832534,0.658417500561683,,boolean_prob_true,,,confidence_decile,0.2733333333333333
interactive.rejudge_2B.ABA,,,300,0.1,0.1,3,"1=lowest confidence, 10=highest confidence",Interactive ABA — rejudged by 2B,,true_false,0.58,0.58,300,0.7718434978390747,0.7509360921937681,0.7310585786300049,,boolean_prob_true,,,confidence_decile,0.38666666666666666
interactive.rejudge_2B.ABA,,,300,0.1,0.1,4,"1=lowest confidence, 10=highest confidence",Interactive ABA — rejudged by 2B,,true_false,0.6133333333333333,0.6133333333333333,300,0.8031737963569014,0.7872435790443878,0.7718434978390747,,boolean_prob_true,,,confidence_decile,0.58
interactive.rejudge_2B.ABA,,,300,0.1,0.1,5,"1=lowest confidence, 10=highest confidence",Interactive ABA — rejudged by 2B,,true_false,0.71,0.71,300,0.8267117940706734,0.8149372749876527,0.8031737963569014,,boolean_prob_true,,,confidence_decile,0.7633333333333333
interactive.rejudge_2B.ABA,,,300,0.1,0.1,6,"1=lowest confidence, 10=highest confidence",Interactive ABA — rejudged by 2B,,true_false,0.7466666666666667,0.7466666666666667,300,0.8479677583778258,0.8374772816091933,0.8267117940706734,,boolean_prob_true,,,confidence_decile,0.8533333333333334
interactive.rejudge_2B.ABA,,,300,0.1,0.1,7,"1=lowest confidence, 10=highest confidence",Interactive ABA — rejudged by 2B,,true_false,0.7633333333333333,0.7633333333333333,300,0.8670357598021707,0.8567688873817205,0.8479677583778258,,boolean_prob_true,,,confidence_decile,0.8833333333333333
interactive.rejudge_2B.ABA,,,300,0.1,0.1,8,"1=lowest confidence, 10=highest confidence",Interactive ABA — rejudged by 2B,,true_false,0.8166666666666667,0.8166666666666667,300,0.8807970779778824,0.8743877082829324,0.8670357598021707,,boolean_prob_true,,,confidence_decile,0.9266666666666666
interactive.rejudge_2B.ABA,,,300,0.1,0.1,9,"1=lowest confidence, 10=highest confidence",Interactive ABA — rejudged by 2B,,true_false,0.8566666666666667,0.8566666666666667,300,0.9046505351008904,0.8926664005427464,0.8824278664544911,,boolean_prob_true,,,confidence_decile,0.9333333333333333
interactive.rejudge_2B.ABA,,,300,0.1,0.1,10,"1=lowest confidence, 10=highest confidence",Interactive ABA — rejudged by 2B,,true_false,0.87,0.87,300,0.9626731126558705,0.9205211202228941,0.9046505351008904,,boolean_prob_true,,,confidence_decile,0.97
interactive.rejudge_2B.ABA,1.0,1.0,,,,,,Interactive ABA — rejudged by 2B,3000,true_false,0.7516666666666667,0.7516666666666667,3000,,,,0.5,boolean_prob_true,1.0,3000,selective_accuracy,0.675
interactive.rejudge_2B.ABA,0.9,0.9,,,,,,Interactive ABA — rejudged by 2B,3000,true_false,0.7433333333333333,0.7433333333333333,2700,,,,0.658417500561683,boolean_prob_true,0.9,2700,selective_accuracy,0.7277777777777777
interactive.rejudge_2B.ABA,0.8,0.8,,,,,,Interactive ABA — rejudged by 2B,3000,true_false,0.7445833333333334,0.7445833333333334,2400,,,,0.7310585786300049,boolean_prob_true,0.8,2400,selective_accuracy,0.7870833333333334
interactive.rejudge_2B.ABA,0.7,0.7,,,,,,Interactive ABA — rejudged by 2B,3000,true_false,0.7685714285714286,0.7685714285714286,2100,,,,0.7718434978390747,boolean_prob_true,0.7,2100,selective_accuracy,0.8366666666666667
interactive.rejudge_2B.ABA,0.6,0.6,,,,,,Interactive ABA — rejudged by 2B,3000,true_false,0.7905555555555556,0.7905555555555556,1800,,,,0.8031737963569014,boolean_prob_true,0.6,1800,selective_accuracy,0.8822222222222222
interactive.rejudge_2B.ABA,0.5,0.5,,,,,,Interactive ABA — rejudged by 2B,3000,true_false,0.8093333333333333,0.8093333333333333,1500,,,,0.8267117940706734,boolean_prob_true,0.5,1500,selective_accuracy,0.91
interactive.rejudge_2B.ABA,0.4,0.4,,,,,,Interactive ABA — rejudged by 2B,3000,true_false,0.8241666666666667,0.8241666666666667,1200,,,,0.8479677583778258,boolean_prob_true,0.4,1200,selective_accuracy,0.92
interactive.rejudge_2B.ABA,0.3,0.3,,,,,,Interactive ABA — rejudged by 2B,3000,true_false,0.8422222222222222,0.8422222222222222,900,,,,0.8670357598021707,boolean_prob_true,0.3,900,selective_accuracy,0.9366666666666666
interactive.rejudge_2B.ABA,0.2,0.2,,,,,,Interactive ABA — rejudged by 2B,3000,true_false,0.8633333333333333,0.8633333333333333,600,,,,0.8824278664544911,boolean_prob_true,0.2,600,selective_accuracy,0.9516666666666667
interactive.rejudge_2B.ABA,0.1,0.1,,,,,,Interactive ABA — rejudged by 2B,3000,true_false,0.86,0.86,300,,,,0.9046505351008904,boolean_prob_true,0.1,300,selective_accuracy,0.96
interactive.rejudge_2B.ABA,,,300,0.1,0.1,1,"1=lowest confidence, 10=highest confidence",Interactive ABA — rejudged by 2B,,debater_ab_converted,0.6366666666666667,0.6366666666666667,300,0.665410558746814,0.6108219454246456,0.5,,debater_prob_yes,,,confidence_decile,0.5066666666666667
interactive.rejudge_2B.ABA,,,300,0.1,0.1,2,"1=lowest confidence, 10=highest confidence",Interactive ABA — rejudged by 2B,,debater_ab_converted,0.7,0.7,300,0.713830756042477,0.6928030926731935,0.665410558746814,,debater_prob_yes,,,confidence_decile,0.47333333333333333
interactive.rejudge_2B.ABA,,,300,0.1,0.1,3,"1=lowest confidence, 10=highest confidence",Interactive ABA — rejudged by 2B,,debater_ab_converted,0.7466666666666667,0.7466666666666667,300,0.7431680086124811,0.7290403746104216,0.713830756042477,,debater_prob_yes,,,confidence_decile,0.44333333333333336
interactive.rejudge_2B.ABA,,,300,0.1,0.1,4,"1=lowest confidence, 10=highest confidence",Interactive ABA — rejudged by 2B,,debater_ab_converted,0.7233333333333334,0.7233333333333334,300,0.7634837635542924,0.753606378468173,0.7431680086124811,,debater_prob_yes,,,confidence_decile,0.48333333333333334
interactive.rejudge_2B.ABA,,,300,0.1,0.1,5,"1=lowest confidence, 10=highest confidence",Interactive ABA — rejudged by 2B,,debater_ab_converted,0.75,0.75,300,0.7839884653055251,0.7739292811008821,0.7634837635542924,,debater_prob_yes,,,confidence_decile,0.4766666666666667
interactive.rejudge_2B.ABA,,,300,0.1,0.1,6,"1=lowest confidence, 10=highest confidence",Interactive ABA — rejudged by 2B,,debater_ab_converted,0.77,0.77,300,0.7994423202552038,0.7918568719944096,0.7839884653055251,,debater_prob_yes,,,confidence_decile,0.54
interactive.rejudge_2B.ABA,,,300,0.1,0.1,7,"1=lowest confidence, 10=highest confidence",Interactive ABA — rejudged by 2B,,debater_ab_converted,0.7633333333333333,0.7633333333333333,300,0.8164063773658039,0.8076953326553649,0.7994423202552038,,debater_prob_yes,,,confidence_decile,0.49333333333333335
interactive.rejudge_2B.ABA,,,300,0.1,0.1,8,"1=lowest confidence, 10=highest confidence",Interactive ABA — rejudged by 2B,,debater_ab_converted,0.82,0.82,300,0.8333245953120233,0.8245150360874787,0.8164063773658039,,debater_prob_yes,,,confidence_decile,0.49333333333333335
interactive.rejudge_2B.ABA,,,300,0.1,0.1,9,"1=lowest confidence, 10=highest confidence",Interactive ABA — rejudged by 2B,,debater_ab_converted,0.7733333333333333,0.7733333333333333,300,0.8558511469672594,0.8436020790736571,0.8333245953120233,,debater_prob_yes,,,confidence_decile,0.5
interactive.rejudge_2B.ABA,,,300,0.1,0.1,10,"1=lowest confidence, 10=highest confidence",Interactive ABA — rejudged by 2B,,debater_ab_converted,0.8333333333333334,0.8333333333333334,300,0.9278877945870695,0.8745103360682694,0.8558511469672594,,debater_prob_yes,,,confidence_decile,0.5466666666666666
interactive.rejudge_2B.ABA,1.0,1.0,,,,,,Interactive ABA — rejudged by 2B,3000,debater_ab_converted,0.7516666666666667,0.7516666666666667,3000,,,,0.5,debater_prob_yes,1.0,3000,selective_accuracy,0.49566666666666664
interactive.rejudge_2B.ABA,0.9,0.9,,,,,,Interactive ABA — rejudged by 2B,3000,debater_ab_converted,0.7644444444444445,0.7644444444444445,2700,,,,0.665410558746814,debater_prob_yes,0.9,2700,selective_accuracy,0.4948148148148148
interactive.rejudge_2B.ABA,0.8,0.8,,,,,,Interactive ABA — rejudged by 2B,3000,debater_ab_converted,0.7725,0.7725,2400,,,,0.713830756042477,debater_prob_yes,0.8,2400,selective_accuracy,0.4970833333333333
interactive.rejudge_2B.ABA,0.7,0.7,,,,,,Interactive ABA — rejudged by 2B,3000,debater_ab_converted,0.7757142857142857,0.7757142857142857,2100,,,,0.7431680086124811,debater_prob_yes,0.7,2100,selective_accuracy,0.5042857142857143
interactive.rejudge_2B.ABA,0.6,0.6,,,,,,Interactive ABA — rejudged by 2B,3000,debater_ab_converted,0.785,0.785,1800,,,,0.7634837635542924,debater_prob_yes,0.6,1800,selective_accuracy,0.5077777777777778
interactive.rejudge_2B.ABA,0.5,0.5,,,,,,Interactive ABA — rejudged by 2B,3000,debater_ab_converted,0.792,0.792,1500,,,,0.7839884653055251,debater_prob_yes,0.5,1500,selective_accuracy,0.5133333333333333
interactive.rejudge_2B.ABA,0.4,0.4,,,,,,Interactive ABA — rejudged by 2B,3000,debater_ab_converted,0.7975,0.7975,1200,,,,0.7994423202552038,debater_prob_yes,0.4,1200,selective_accuracy,0.5108333333333334
interactive.rejudge_2B.ABA,0.3,0.3,,,,,,Interactive ABA — rejudged by 2B,3000,debater_ab_converted,0.8066666666666666,0.8066666666666666,900,,,,0.8164063773658039,debater_prob_yes,0.3,900,selective_accuracy,0.51
interactive.rejudge_2B.ABA,0.2,0.2,,,,,,Interactive ABA — rejudged by 2B,3000,debater_ab_converted,0.8016666666666666,0.8016666666666666,600,,,,0.8333245953120233,debater_prob_yes,0.2,600,selective_accuracy,0.5183333333333333
interactive.rejudge_2B.ABA,0.1,0.1,,,,,,Interactive ABA — rejudged by 2B,3000,debater_ab_converted,0.8366666666666667,0.8366666666666667,300,,,,0.8558511469672594,debater_prob_yes,0.1,300,selective_accuracy,0.5366666666666666
interactive.rejudge_2B.BAB,,,300,0.1,0.1,1,"1=lowest confidence, 10=highest confidence",Interactive BAB — rejudged by 2B,,yes_no,0.8133333333333334,0.8133333333333334,300,0.6370307944803832,0.5790007899212556,0.5,,verdict_prob_belongs,,,confidence_decile,0.29
interactive.rejudge_2B.BAB,,,300,0.1,0.1,2,"1=lowest confidence, 10=highest confidence",Interactive BAB — rejudged by 2B,,yes_no,0.7,0.7,300,0.7057850278370112,0.6748715399708541,0.6370307944803832,,verdict_prob_belongs,,,confidence_decile,0.29333333333333333
interactive.rejudge_2B.BAB,,,300,0.1,0.1,3,"1=lowest confidence, 10=highest confidence",Interactive BAB — rejudged by 2B,,yes_no,0.6766666666666666,0.6766666666666666,300,0.7662936430859597,0.7405724956192612,0.7057850278370112,,verdict_prob_belongs,,,confidence_decile,0.37666666666666665
interactive.rejudge_2B.BAB,,,300,0.1,0.1,4,"1=lowest confidence, 10=highest confidence",Interactive BAB — rejudged by 2B,,yes_no,0.5833333333333334,0.5833333333333334,300,0.8128673178375734,0.7902435985576951,0.7662936430859597,,verdict_prob_belongs,,,confidence_decile,0.55
interactive.rejudge_2B.BAB,,,300,0.1,0.1,5,"1=lowest confidence, 10=highest confidence",Interactive BAB — rejudged by 2B,,yes_no,0.5833333333333334,0.5833333333333334,300,0.8479677583778258,0.8309406642083879,0.8128673178375734,,verdict_prob_belongs,,,confidence_decile,0.6666666666666666
interactive.rejudge_2B.BAB,,,300,0.1,0.1,6,"1=lowest confidence, 10=highest confidence",Interactive BAB — rejudged by 2B,,yes_no,0.68,0.68,300,0.8807970779778824,0.8663902385267632,0.8479677583778258,,verdict_prob_belongs,,,confidence_decile,0.8366666666666667
interactive.rejudge_2B.BAB,,,300,0.1,0.1,7,"1=lowest confidence, 10=highest confidence",Interactive BAB — rejudged by 2B,,yes_no,0.7466666666666667,0.7466666666666667,300,0.9046505351008904,0.8936452738725679,0.8807970779778824,,verdict_prob_belongs,,,confidence_decile,0.8766666666666667
interactive.rejudge_2B.BAB,,,300,0.1,0.1,8,"1=lowest confidence, 10=highest confidence",Interactive BAB — rejudged by 2B,,yes_no,0.8133333333333334,0.8133333333333334,300,0.9263037302939515,0.9158686113693145,0.9046505351008904,,verdict_prob_belongs,,,confidence_decile,0.9333333333333333
interactive.rejudge_2B.BAB,,,300,0.1,0.1,9,"1=lowest confidence, 10=highest confidence",Interactive BAB — rejudged by 2B,,yes_no,0.8933333333333333,0.8933333333333333,300,0.9465966702001758,0.9364050036820348,0.927363293639213,,verdict_prob_belongs,,,confidence_decile,0.9633333333333334
interactive.rejudge_2B.BAB,,,300,0.1,0.1,10,"1=lowest confidence, 10=highest confidence",Interactive BAB — rejudged by 2B,,yes_no,0.92,0.92,300,0.9899864293768269,0.9601344429184081,0.9465966702001758,,verdict_prob_belongs,,,confidence_decile,0.99
interactive.rejudge_2B.BAB,1.0,1.0,,,,,,Interactive BAB — rejudged by 2B,3000,yes_no,0.741,0.741,3000,,,,0.5,verdict_prob_belongs,1.0,3000,selective_accuracy,0.6776666666666666
interactive.rejudge_2B.BAB,0.9,0.9,,,,,,Interactive BAB — rejudged by 2B,3000,yes_no,0.7344444444444445,0.7344444444444445,2700,,,,0.6370307944803832,verdict_prob_belongs,0.9,2700,selective_accuracy,0.7188888888888889
interactive.rejudge_2B.BAB,0.8,0.8,,,,,,Interactive BAB — rejudged by 2B,3000,yes_no,0.7379166666666667,0.7379166666666667,2400,,,,0.7057850278370112,verdict_prob_belongs,0.8,2400,selective_accuracy,0.7733333333333333
interactive.rejudge_2B.BAB,0.7,0.7,,,,,,Interactive BAB — rejudged by 2B,3000,yes_no,0.7461904761904762,0.7461904761904762,2100,,,,0.7662936430859597,verdict_prob_belongs,0.7,2100,selective_accuracy,0.8257142857142857
interactive.rejudge_2B.BAB,0.6,0.6,,,,,,Interactive BAB — rejudged by 2B,3000,yes_no,0.7744444444444445,0.7744444444444445,1800,,,,0.8128673178375734,verdict_prob_belongs,0.6,1800,selective_accuracy,0.8744444444444445
interactive.rejudge_2B.BAB,0.5,0.5,,,,,,Interactive BAB — rejudged by 2B,3000,yes_no,0.8093333333333333,0.8093333333333333,1500,,,,0.8479677583778258,verdict_prob_belongs,0.5,1500,selective_accuracy,0.9153333333333333
interactive.rejudge_2B.BAB,0.4,0.4,,,,,,Interactive BAB — rejudged by 2B,3000,yes_no,0.8391666666666666,0.8391666666666666,1200,,,,0.8807970779778824,verdict_prob_belongs,0.4,1200,selective_accuracy,0.935
interactive.rejudge_2B.BAB,0.3,0.3,,,,,,Interactive BAB — rejudged by 2B,3000,yes_no,0.87,0.87,900,,,,0.9046505351008904,verdict_prob_belongs,0.3,900,selective_accuracy,0.9577777777777777
interactive.rejudge_2B.BAB,0.2,0.2,,,,,,Interactive BAB — rejudged by 2B,3000,yes_no,0.9066666666666666,0.9066666666666666,600,,,,0.927363293639213,verdict_prob_belongs,0.2,600,selective_accuracy,0.9766666666666667
interactive.rejudge_2B.BAB,0.1,0.1,,,,,,Interactive BAB — rejudged by 2B,3000,yes_no,0.92,0.92,300,,,,0.9465966702001758,verdict_prob_belongs,0.1,300,selective_accuracy,0.9866666666666667
interactive.rejudge_2B.BAB,,,300,0.1,0.1,1,"1=lowest confidence, 10=highest confidence",Interactive BAB — rejudged by 2B,,true_false,0.76,0.76,300,0.6224593312018545,0.5719714343716201,0.5,,boolean_prob_true,,,confidence_decile,0.3466666666666667
interactive.rejudge_2B.BAB,,,300,0.1,0.1,2,"1=lowest confidence, 10=highest confidence",Interactive BAB — rejudged by 2B,,true_false,0.71,0.71,300,0.679178699175393,0.6532653914101149,0.6224593312018545,,boolean_prob_true,,,confidence_decile,0.3466666666666667
interactive.rejudge_2B.BAB,,,300,0.1,0.1,3,"1=lowest confidence, 10=highest confidence",Interactive BAB — rejudged by 2B,,true_false,0.6866666666666666,0.6866666666666666,300,0.7185943925708562,0.7006232264120873,0.679178699175393,,boolean_prob_true,,,confidence_decile,0.5033333333333333
interactive.rejudge_2B.BAB,,,300,0.1,0.1,4,"1=lowest confidence, 10=highest confidence",Interactive BAB — rejudged by 2B,,true_false,0.69,0.69,300,0.7549149868676283,0.7369244981480192,0.7185943925708562,,boolean_prob_true,,,confidence_decile,0.5866666666666667
interactive.rejudge_2B.BAB,,,300,0.1,0.1,5,"1=lowest confidence, 10=highest confidence",Interactive BAB — rejudged by 2B,,true_false,0.6966666666666667,0.6966666666666667,300,0.7826624789529375,0.7669912679051708,0.7549149868676283,,boolean_prob_true,,,confidence_decile,0.7066666666666667
interactive.rejudge_2B.BAB,,,300,0.1,0.1,6,"1=lowest confidence, 10=highest confidence",Interactive BAB — rejudged by 2B,,true_false,0.6733333333333333,0.6733333333333333,300,0.8031737963569014,0.7917167106248563,0.7826624789529375,,boolean_prob_true,,,confidence_decile,0.7466666666666667
interactive.rejudge_2B.BAB,,,300,0.1,0.1,7,"1=lowest confidence, 10=highest confidence",Interactive BAB — rejudged by 2B,,true_false,0.76,0.76,300,0.8267117940706734,0.8133320789377462,0.8031737963569014,,boolean_prob_true,,,confidence_decile,0.8633333333333333
interactive.rejudge_2B.BAB,,,300,0.1,0.1,8,"1=lowest confidence, 10=highest confidence",Interactive BAB — rejudged by 2B,,true_false,0.7633333333333333,0.7633333333333333,300,0.8479677583778258,0.8386052732343032,0.8267117940706734,,boolean_prob_true,,,confidence_decile,0.86
interactive.rejudge_2B.BAB,,,300,0.1,0.1,9,"1=lowest confidence, 10=highest confidence",Interactive BAB — rejudged by 2B,,true_false,0.79,0.79,300,0.8740772351648677,0.8617739922664126,0.8479677583778258,,boolean_prob_true,,,confidence_decile,0.8833333333333333
interactive.rejudge_2B.BAB,,,300,0.1,0.1,10,"1=lowest confidence, 10=highest confidence",Interactive BAB — rejudged by 2B,,true_false,0.88,0.88,300,0.9465966702001758,0.8971538284670396,0.8740772351648677,,boolean_prob_true,,,confidence_decile,0.9233333333333333
interactive.rejudge_2B.BAB,1.0,1.0,,,,,,Interactive BAB — rejudged by 2B,3000,true_false,0.741,0.741,3000,,,,0.5,boolean_prob_true,1.0,3000,selective_accuracy,0.6766666666666666
interactive.rejudge_2B.BAB,0.9,0.9,,,,,,Interactive BAB — rejudged by 2B,3000,true_false,0.74,0.74,2700,,,,0.6224593312018545,boolean_prob_true,0.9,2700,selective_accuracy,0.7114814814814815
interactive.rejudge_2B.BAB,0.8,0.8,,,,,,Interactive BAB — rejudged by 2B,3000,true_false,0.7433333333333333,0.7433333333333333,2400,,,,0.679178699175393,boolean_prob_true,0.8,2400,selective_accuracy,0.7495833333333334
interactive.rejudge_2B.BAB,0.7,0.7,,,,,,Interactive BAB — rejudged by 2B,3000,true_false,0.7514285714285714,0.7514285714285714,2100,,,,0.7185943925708562,boolean_prob_true,0.7,2100,selective_accuracy,0.7904761904761904
interactive.rejudge_2B.BAB,0.6,0.6,,,,,,Interactive BAB — rejudged by 2B,3000,true_false,0.7616666666666667,0.7616666666666667,1800,,,,0.7549149868676283,boolean_prob_true,0.6,1800,selective_accuracy,0.8233333333333334
interactive.rejudge_2B.BAB,0.5,0.5,,,,,,Interactive BAB — rejudged by 2B,3000,true_false,0.774,0.774,1500,,,,0.7826624789529375,boolean_prob_true,0.5,1500,selective_accuracy,0.852
interactive.rejudge_2B.BAB,0.4,0.4,,,,,,Interactive BAB — rejudged by 2B,3000,true_false,0.7916666666666666,0.7916666666666666,1200,,,,0.8031737963569014,boolean_prob_true,0.4,1200,selective_accuracy,0.8675
interactive.rejudge_2B.BAB,0.3,0.3,,,,,,Interactive BAB — rejudged by 2B,3000,true_false,0.8122222222222222,0.8122222222222222,900,,,,0.8267117940706734,boolean_prob_true,0.3,900,selective_accuracy,0.8844444444444445
interactive.rejudge_2B.BAB,0.2,0.2,,,,,,Interactive BAB — rejudged by 2B,3000,true_false,0.8283333333333334,0.8283333333333334,600,,,,0.8479677583778258,boolean_prob_true,0.2,600,selective_accuracy,0.8883333333333333
interactive.rejudge_2B.BAB,0.1,0.1,,,,,,Interactive BAB — rejudged by 2B,3000,true_false,0.8733333333333333,0.8733333333333333,300,,,,0.8740772351648677,boolean_prob_true,0.1,300,selective_accuracy,0.9133333333333333
interactive.rejudge_2B.BAB,,,300,0.1,0.1,1,"1=lowest confidence, 10=highest confidence",Interactive BAB — rejudged by 2B,,debater_ab_converted,0.7,0.7,300,0.665410558746814,0.5963198832243263,0.5,,debater_prob_yes,,,confidence_decile,0.5233333333333333
interactive.rejudge_2B.BAB,,,300,0.1,0.1,2,"1=lowest confidence, 10=highest confidence",Interactive BAB — rejudged by 2B,,debater_ab_converted,0.6666666666666666,0.6666666666666666,300,0.7233094689745646,0.6989513713004317,0.665410558746814,,debater_prob_yes,,,confidence_decile,0.44333333333333336
interactive.rejudge_2B.BAB,,,300,0.1,0.1,3,"1=lowest confidence, 10=highest confidence",Interactive BAB — rejudged by 2B,,debater_ab_converted,0.72,0.72,300,0.7563575624625937,0.7403985986614079,0.7248702761768248,,debater_prob_yes,,,confidence_decile,0.46
interactive.rejudge_2B.BAB,,,300,0.1,0.1,4,"1=lowest confidence, 10=highest confidence",Interactive BAB — rejudged by 2B,,debater_ab_converted,0.68,0.68,300,0.7772998611746911,0.7673770664800011,0.7563575624625937,,debater_prob_yes,,,confidence_decile,0.5133333333333333
interactive.rejudge_2B.BAB,,,300,0.1,0.1,5,"1=lowest confidence, 10=highest confidence",Interactive BAB — rejudged by 2B,,debater_ab_converted,0.75,0.75,300,0.7931059511841119,0.7855687920134887,0.7772998611746911,,debater_prob_yes,,,confidence_decile,0.41333333333333333
interactive.rejudge_2B.BAB,,,300,0.1,0.1,6,"1=lowest confidence, 10=highest confidence",Interactive BAB — rejudged by 2B,,debater_ab_converted,0.7933333333333333,0.7933333333333333,300,0.8104789086703224,0.8021694047657184,0.7931059511841119,,debater_prob_yes,,,confidence_decile,0.5133333333333333
interactive.rejudge_2B.BAB,,,300,0.1,0.1,7,"1=lowest confidence, 10=highest confidence",Interactive BAB — rejudged by 2B,,debater_ab_converted,0.75,0.75,300,0.8267117940706734,0.8180830006266009,0.8104789086703224,,debater_prob_yes,,,confidence_decile,0.48333333333333334
interactive.rejudge_2B.BAB,,,300,0.1,0.1,8,"1=lowest confidence, 10=highest confidence",Interactive BAB — rejudged by 2B,,debater_ab_converted,0.79,0.79,300,0.8418256472515684,0.8334899919020393,0.8267117940706734,,debater_prob_yes,,,confidence_decile,0.5
interactive.rejudge_2B.BAB,,,300,0.1,0.1,9,"1=lowest confidence, 10=highest confidence",Interactive BAB — rejudged by 2B,,debater_ab_converted,0.7766666666666666,0.7766666666666666,300,0.8615382094310357,0.8512703328378851,0.8418256472515684,,debater_prob_yes,,,confidence_decile,0.54
interactive.rejudge_2B.BAB,,,300,0.1,0.1,10,"1=lowest confidence, 10=highest confidence",Interactive BAB — rejudged by 2B,,debater_ab_converted,0.7833333333333333,0.7833333333333333,300,0.9309620718252101,0.878508774598841,0.8615382094310357,,debater_prob_yes,,,confidence_decile,0.5466666666666666
interactive.rejudge_2B.BAB,1.0,1.0,,,,,,Interactive BAB — rejudged by 2B,3000,debater_ab_converted,0.741,0.741,3000,,,,0.5,debater_prob_yes,1.0,3000,selective_accuracy,0.49366666666666664
interactive.rejudge_2B.BAB,0.9,0.9,,,,,,Interactive BAB — rejudged by 2B,3000,debater_ab_converted,0.7455555555555555,0.7455555555555555,2700,,,,0.665410558746814,debater_prob_yes,0.9,2700,selective_accuracy,0.49
interactive.rejudge_2B.BAB,0.8,0.8,,,,,,Interactive BAB — rejudged by 2B,3000,debater_ab_converted,0.7554166666666666,0.7554166666666666,2400,,,,0.7248702761768248,debater_prob_yes,0.8,2400,selective_accuracy,0.49625
interactive.rejudge_2B.BAB,0.7,0.7,,,,,,Interactive BAB — rejudged by 2B,3000,debater_ab_converted,0.7609523809523809,0.7609523809523809,2100,,,,0.7563575624625937,debater_prob_yes,0.7,2100,selective_accuracy,0.5009523809523809
interactive.rejudge_2B.BAB,0.6,0.6,,,,,,Interactive BAB — rejudged by 2B,3000,debater_ab_converted,0.7722222222222223,0.7722222222222223,1800,,,,0.7772998611746911,debater_prob_yes,0.6,1800,selective_accuracy,0.5022222222222222
interactive.rejudge_2B.BAB,0.5,0.5,,,,,,Interactive BAB — rejudged by 2B,3000,debater_ab_converted,0.7793333333333333,0.7793333333333333,1500,,,,0.7931059511841119,debater_prob_yes,0.5,1500,selective_accuracy,0.5173333333333333
interactive.rejudge_2B.BAB,0.4,0.4,,,,,,Interactive BAB — rejudged by 2B,3000,debater_ab_converted,0.7758333333333334,0.7758333333333334,1200,,,,0.8104789086703224,debater_prob_yes,0.4,1200,selective_accuracy,0.5233333333333333
interactive.rejudge_2B.BAB,0.3,0.3,,,,,,Interactive BAB — rejudged by 2B,3000,debater_ab_converted,0.7833333333333333,0.7833333333333333,900,,,,0.8267117940706734,debater_prob_yes,0.3,900,selective_accuracy,0.5266666666666666
interactive.rejudge_2B.BAB,0.2,0.2,,,,,,Interactive BAB — rejudged by 2B,3000,debater_ab_converted,0.78,0.78,600,,,,0.8418256472515684,debater_prob_yes,0.2,600,selective_accuracy,0.54
interactive.rejudge_2B.BAB,0.1,0.1,,,,,,Interactive BAB — rejudged by 2B,3000,debater_ab_converted,0.7833333333333333,0.7833333333333333,300,,,,0.8615382094310357,debater_prob_yes,0.1,300,selective_accuracy,0.55
interactive.robust_0.8B.ABA,,,300,0.1,0.1,1,"1=lowest confidence, 10=highest confidence",Interactive ABA — 0.8B judge,,yes_no,0.5333333333333333,0.5333333333333333,300,0.5156199157230157,0.5088390657002761,0.5,,verdict_prob_belongs,,,confidence_decile,0.4533333333333333
interactive.robust_0.8B.ABA,,,300,0.1,0.1,2,"1=lowest confidence, 10=highest confidence",Interactive ABA — 0.8B judge,,yes_no,0.6133333333333333,0.6133333333333333,300,0.5389832206876841,0.5286883680666771,0.5156199157230157,,verdict_prob_belongs,,,confidence_decile,0.5533333333333333
interactive.robust_0.8B.ABA,,,300,0.1,0.1,3,"1=lowest confidence, 10=highest confidence",Interactive ABA — 0.8B judge,,yes_no,0.5566666666666666,0.5566666666666666,300,0.5583269943353745,0.5473121962365168,0.5389832206876841,,verdict_prob_belongs,,,confidence_decile,0.45666666666666667
interactive.robust_0.8B.ABA,,,300,0.1,0.1,4,"1=lowest confidence, 10=highest confidence",Interactive ABA — 0.8B judge,,yes_no,0.6,0.6,300,0.5774953651858118,0.5687827379030743,0.5583269943353745,,verdict_prob_belongs,,,confidence_decile,0.5333333333333333
interactive.robust_0.8B.ABA,,,300,0.1,0.1,5,"1=lowest confidence, 10=highest confidence",Interactive ABA — 0.8B judge,,yes_no,0.5766666666666667,0.5766666666666667,300,0.600188359260205,0.5907137941955628,0.5774953651858118,,verdict_prob_belongs,,,confidence_decile,0.5166666666666667
interactive.robust_0.8B.ABA,,,300,0.1,0.1,6,"1=lowest confidence, 10=highest confidence",Interactive ABA — 0.8B judge,,yes_no,0.49,0.49,300,0.6224593312018546,0.6122836674083111,0.600188359260205,,verdict_prob_belongs,,,confidence_decile,0.42
interactive.robust_0.8B.ABA,,,300,0.1,0.1,7,"1=lowest confidence, 10=highest confidence",Interactive ABA — 0.8B judge,,yes_no,0.53,0.53,300,0.6513548646660542,0.6378685951376115,0.6224593312018546,,verdict_prob_belongs,,,confidence_decile,0.44
interactive.robust_0.8B.ABA,,,300,0.1,0.1,8,"1=lowest confidence, 10=highest confidence",Interactive ABA — 0.8B judge,,yes_no,0.49333333333333335,0.49333333333333335,300,0.6859494550081925,0.6676059627159053,0.6513548646660542,,verdict_prob_belongs,,,confidence_decile,0.43
interactive.robust_0.8B.ABA,,,300,0.1,0.1,9,"1=lowest confidence, 10=highest confidence",Interactive ABA — 0.8B judge,,yes_no,0.5766666666666667,0.5766666666666667,300,0.7279754489059775,0.7034872083598155,0.6859494550081925,,verdict_prob_belongs,,,confidence_decile,0.52
interactive.robust_0.8B.ABA,,,300,0.1,0.1,10,"1=lowest confidence, 10=highest confidence",Interactive ABA — 0.8B judge,,yes_no,0.5666666666666667,0.5666666666666667,300,0.9304582554941719,0.7719372632913246,0.7279754489059775,,verdict_prob_belongs,,,confidence_decile,0.48333333333333334
interactive.robust_0.8B.ABA,1.0,1.0,,,,,,Interactive ABA — 0.8B judge,3000,yes_no,0.5536666666666666,0.5536666666666666,3000,,,,0.5,verdict_prob_belongs,1.0,3000,selective_accuracy,0.4806666666666667
interactive.robust_0.8B.ABA,0.9,0.9,,,,,,Interactive ABA — 0.8B judge,3000,yes_no,0.5544444444444444,0.5544444444444444,2700,,,,0.5156199157230157,verdict_prob_belongs,0.9,2700,selective_accuracy,0.48185185185185186
interactive.robust_0.8B.ABA,0.8,0.8,,,,,,Interactive ABA — 0.8B judge,3000,yes_no,0.54875,0.54875,2400,,,,0.5389832206876841,verdict_prob_belongs,0.8,2400,selective_accuracy,0.475
interactive.robust_0.8B.ABA,0.7,0.7,,,,,,Interactive ABA — 0.8B judge,3000,yes_no,0.549047619047619,0.549047619047619,2100,,,,0.5583269943353745,verdict_prob_belongs,0.7,2100,selective_accuracy,0.47904761904761906
interactive.robust_0.8B.ABA,0.6,0.6,,,,,,Interactive ABA — 0.8B judge,3000,yes_no,0.5444444444444444,0.5444444444444444,1800,,,,0.5774953651858118,verdict_prob_belongs,0.6,1800,selective_accuracy,0.47555555555555556
interactive.robust_0.8B.ABA,0.5,0.5,,,,,,Interactive ABA — 0.8B judge,3000,yes_no,0.548,0.548,1500,,,,0.600188359260205,verdict_prob_belongs,0.5,1500,selective_accuracy,0.4786666666666667
interactive.robust_0.8B.ABA,0.4,0.4,,,,,,Interactive ABA — 0.8B judge,3000,yes_no,0.545,0.545,1200,,,,0.6224593312018546,verdict_prob_belongs,0.4,1200,selective_accuracy,0.47833333333333333
interactive.robust_0.8B.ABA,0.3,0.3,,,,,,Interactive ABA — 0.8B judge,3000,yes_no,0.5566666666666666,0.5566666666666666,900,,,,0.6513548646660542,verdict_prob_belongs,0.3,900,selective_accuracy,0.4922222222222222
interactive.robust_0.8B.ABA,0.2,0.2,,,,,,Interactive ABA — 0.8B judge,3000,yes_no,0.5816666666666667,0.5816666666666667,600,,,,0.6859494550081925,verdict_prob_belongs,0.2,600,selective_accuracy,0.5166666666666667
interactive.robust_0.8B.ABA,0.1,0.1,,,,,,Interactive ABA — 0.8B judge,3000,yes_no,0.5733333333333334,0.5733333333333334,300,,,,0.7279754489059775,verdict_prob_belongs,0.1,300,selective_accuracy,0.49
interactive.robust_0.8B.ABA,,,300,0.1,0.1,1,"1=lowest confidence, 10=highest confidence",Interactive ABA — 0.8B judge,,true_false,0.5733333333333334,0.5733333333333334,300,0.5312093733737563,0.5185138370312853,0.5,,boolean_prob_true,,,confidence_decile,0.36666666666666664
interactive.robust_0.8B.ABA,,,300,0.1,0.1,2,"1=lowest confidence, 10=highest confidence",Interactive ABA — 0.8B judge,,true_false,0.5333333333333333,0.5333333333333333,300,0.5621765008857981,0.548258139348559,0.5312093733737563,,boolean_prob_true,,,confidence_decile,0.33
interactive.robust_0.8B.ABA,,,300,0.1,0.1,3,"1=lowest confidence, 10=highest confidence",Interactive ABA — 0.8B judge,,true_false,0.5233333333333333,0.5233333333333333,300,0.5851011542032312,0.5756489822685329,0.5621765008857981,,boolean_prob_true,,,confidence_decile,0.37333333333333335
interactive.robust_0.8B.ABA,,,300,0.1,0.1,4,"1=lowest confidence, 10=highest confidence",Interactive ABA — 0.8B judge,,true_false,0.5566666666666666,0.5566666666666666,300,0.6076631698328917,0.5987319902188633,0.5851011542032312,,boolean_prob_true,,,confidence_decile,0.2633333333333333
interactive.robust_0.8B.ABA,,,300,0.1,0.1,5,"1=lowest confidence, 10=highest confidence",Interactive ABA — 0.8B judge,,true_false,0.5233333333333333,0.5233333333333333,300,0.6334102636778401,0.6216020277992823,0.6076631698328917,,boolean_prob_true,,,confidence_decile,0.35
interactive.robust_0.8B.ABA,,,300,0.1,0.1,6,"1=lowest confidence, 10=highest confidence",Interactive ABA — 0.8B judge,,true_false,0.53,0.53,300,0.658417500561683,0.6453799954640805,0.6334102636778401,,boolean_prob_true,,,confidence_decile,0.32666666666666666
interactive.robust_0.8B.ABA,,,300,0.1,0.1,7,"1=lowest confidence, 10=highest confidence",Interactive ABA — 0.8B judge,,true_false,0.5633333333333334,0.5633333333333334,300,0.6757646010190476,0.6664989381210593,0.658417500561683,,boolean_prob_true,,,confidence_decile,0.42
interactive.robust_0.8B.ABA,,,300,0.1,0.1,8,"1=lowest confidence, 10=highest confidence",Interactive ABA — 0.8B judge,,true_false,0.5533333333333333,0.5533333333333333,300,0.6992544210587585,0.6885259806311703,0.6757646010190476,,boolean_prob_true,,,confidence_decile,0.36
interactive.robust_0.8B.ABA,,,300,0.1,0.1,9,"1=lowest confidence, 10=highest confidence",Interactive ABA — 0.8B judge,,true_false,0.56,0.56,300,0.734119526900183,0.7153545656718674,0.6992544210587585,,boolean_prob_true,,,confidence_decile,0.45
interactive.robust_0.8B.ABA,,,300,0.1,0.1,10,"1=lowest confidence, 10=highest confidence",Interactive ABA — 0.8B judge,,true_false,0.62,0.62,300,0.8438951025545426,0.76375786594647,0.734119526900183,,boolean_prob_true,,,confidence_decile,0.45
interactive.robust_0.8B.ABA,1.0,1.0,,,,,,Interactive ABA — 0.8B judge,3000,true_false,0.5536666666666666,0.5536666666666666,3000,,,,0.5,boolean_prob_true,1.0,3000,selective_accuracy,0.369
interactive.robust_0.8B.ABA,0.9,0.9,,,,,,Interactive ABA — 0.8B judge,3000,true_false,0.5514814814814815,0.5514814814814815,2700,,,,0.5312093733737563,boolean_prob_true,0.9,2700,selective_accuracy,0.37037037037037035
interactive.robust_0.8B.ABA,0.8,0.8,,,,,,Interactive ABA — 0.8B judge,3000,true_false,0.5545833333333333,0.5545833333333333,2400,,,,0.5621765008857981,boolean_prob_true,0.8,2400,selective_accuracy,0.375
interactive.robust_0.8B.ABA,0.7,0.7,,,,,,Interactive ABA — 0.8B judge,3000,true_false,0.5595238095238095,0.5595238095238095,2100,,,,0.5851011542032312,boolean_prob_true,0.7,2100,selective_accuracy,0.38047619047619047
interactive.robust_0.8B.ABA,0.6,0.6,,,,,,Interactive ABA — 0.8B judge,3000,true_false,0.5594444444444444,0.5594444444444444,1800,,,,0.6076631698328917,boolean_prob_true,0.6,1800,selective_accuracy,0.39666666666666667
interactive.robust_0.8B.ABA,0.5,0.5,,,,,,Interactive ABA — 0.8B judge,3000,true_false,0.5673333333333334,0.5673333333333334,1500,,,,0.6334102636778401,boolean_prob_true,0.5,1500,selective_accuracy,0.4046666666666667
interactive.robust_0.8B.ABA,0.4,0.4,,,,,,Interactive ABA — 0.8B judge,3000,true_false,0.5758333333333333,0.5758333333333333,1200,,,,0.658417500561683,boolean_prob_true,0.4,1200,selective_accuracy,0.42333333333333334
interactive.robust_0.8B.ABA,0.3,0.3,,,,,,Interactive ABA — 0.8B judge,3000,true_false,0.5788888888888889,0.5788888888888889,900,,,,0.6757646010190476,boolean_prob_true,0.3,900,selective_accuracy,0.4266666666666667
interactive.robust_0.8B.ABA,0.2,0.2,,,,,,Interactive ABA — 0.8B judge,3000,true_false,0.5966666666666667,0.5966666666666667,600,,,,0.6992544210587585,boolean_prob_true,0.2,600,selective_accuracy,0.45666666666666667
interactive.robust_0.8B.ABA,0.1,0.1,,,,,,Interactive ABA — 0.8B judge,3000,true_false,0.6233333333333333,0.6233333333333333,300,,,,0.734119526900183,boolean_prob_true,0.1,300,selective_accuracy,0.45666666666666667
interactive.robust_0.8B.ABA,,,300,0.1,0.1,1,"1=lowest confidence, 10=highest confidence",Interactive ABA — 0.8B judge,,debater_ab_converted,0.58,0.58,300,0.7065955179610504,0.6405657981489616,0.5,,debater_prob_yes,,,confidence_decile,0.5433333333333333
interactive.robust_0.8B.ABA,,,300,0.1,0.1,2,"1=lowest confidence, 10=highest confidence",Interactive ABA — 0.8B judge,,debater_ab_converted,0.5566666666666666,0.5566666666666666,300,0.7599387520410151,0.7367315691309294,0.7065955179610504,,debater_prob_yes,,,confidence_decile,0.53
interactive.robust_0.8B.ABA,,,300,0.1,0.1,3,"1=lowest confidence, 10=highest confidence",Interactive ABA — 0.8B judge,,debater_ab_converted,0.5866666666666667,0.5866666666666667,300,0.7892336936802291,0.7742527060067994,0.7602948833201225,,debater_prob_yes,,,confidence_decile,0.51
interactive.robust_0.8B.ABA,,,300,0.1,0.1,4,"1=lowest confidence, 10=highest confidence",Interactive ABA — 0.8B judge,,debater_ab_converted,0.55,0.55,300,0.8128673178375735,0.8012798942291597,0.7892336936802291,,debater_prob_yes,,,confidence_decile,0.5166666666666667
interactive.robust_0.8B.ABA,,,300,0.1,0.1,5,"1=lowest confidence, 10=highest confidence",Interactive ABA — 0.8B judge,,debater_ab_converted,0.5333333333333333,0.5333333333333333,300,0.8319637828217654,0.8230589299983759,0.8130158213214184,,debater_prob_yes,,,confidence_decile,0.5066666666666667
interactive.robust_0.8B.ABA,,,300,0.1,0.1,6,"1=lowest confidence, 10=highest confidence",Interactive ABA — 0.8B judge,,debater_ab_converted,0.59,0.59,300,0.8480936125142572,0.8403721122829804,0.832066150540226,,debater_prob_yes,,,confidence_decile,0.49333333333333335
interactive.robust_0.8B.ABA,,,300,0.1,0.1,7,"1=lowest confidence, 10=highest confidence",Interactive ABA — 0.8B judge,,debater_ab_converted,0.5233333333333333,0.5233333333333333,300,0.8645965224326934,0.8561927651385052,0.8480936125142572,,debater_prob_yes,,,confidence_decile,0.5066666666666667
interactive.robust_0.8B.ABA,,,300,0.1,0.1,8,"1=lowest confidence, 10=highest confidence",Interactive ABA — 0.8B judge,,debater_ab_converted,0.5333333333333333,0.5333333333333333,300,0.8816149031928324,0.8734585409993391,0.8647393657934191,,debater_prob_yes,,,confidence_decile,0.47333333333333333
interactive.robust_0.8B.ABA,,,300,0.1,0.1,9,"1=lowest confidence, 10=highest confidence",Interactive ABA — 0.8B judge,,debater_ab_converted,0.5366666666666666,0.5366666666666666,300,0.9032942067038784,0.8921824680330123,0.881716789107077,,debater_prob_yes,,,confidence_decile,0.42333333333333334
interactive.robust_0.8B.ABA,,,300,0.1,0.1,10,"1=lowest confidence, 10=highest confidence",Interactive ABA — 0.8B judge,,debater_ab_converted,0.5466666666666666,0.5466666666666666,300,0.9637799441350253,0.9188096135500378,0.9032942067038784,,debater_prob_yes,,,confidence_decile,0.45666666666666667
interactive.robust_0.8B.ABA,1.0,1.0,,,,,,Interactive ABA — 0.8B judge,3000,debater_ab_converted,0.5536666666666666,0.5536666666666666,3000,,,,0.5,debater_prob_yes,1.0,3000,selective_accuracy,0.496
interactive.robust_0.8B.ABA,0.9,0.9,,,,,,Interactive ABA — 0.8B judge,3000,debater_ab_converted,0.5511111111111111,0.5511111111111111,2700,,,,0.7065955179610504,debater_prob_yes,0.9,2700,selective_accuracy,0.49037037037037035
interactive.robust_0.8B.ABA,0.8,0.8,,,,,,Interactive ABA — 0.8B judge,3000,debater_ab_converted,0.55,0.55,2400,,,,0.7602948833201225,debater_prob_yes,0.8,2400,selective_accuracy,0.48583333333333334
interactive.robust_0.8B.ABA,0.7,0.7,,,,,,Interactive ABA — 0.8B judge,3000,debater_ab_converted,0.5447619047619048,0.5447619047619048,2100,,,,0.7892336936802291,debater_prob_yes,0.7,2100,selective_accuracy,0.48238095238095235
interactive.robust_0.8B.ABA,0.6,0.6,,,,,,Interactive ABA — 0.8B judge,3000,debater_ab_converted,0.5438888888888889,0.5438888888888889,1800,,,,0.8130158213214184,debater_prob_yes,0.6,1800,selective_accuracy,0.4766666666666667
interactive.robust_0.8B.ABA,0.5,0.5,,,,,,Interactive ABA — 0.8B judge,3000,debater_ab_converted,0.546,0.546,1500,,,,0.832066150540226,debater_prob_yes,0.5,1500,selective_accuracy,0.4706666666666667
interactive.robust_0.8B.ABA,0.4,0.4,,,,,,Interactive ABA — 0.8B judge,3000,debater_ab_converted,0.535,0.535,1200,,,,0.8480936125142572,debater_prob_yes,0.4,1200,selective_accuracy,0.46416666666666667
interactive.robust_0.8B.ABA,0.3,0.3,,,,,,Interactive ABA — 0.8B judge,3000,debater_ab_converted,0.5388888888888889,0.5388888888888889,900,,,,0.8647393657934191,debater_prob_yes,0.3,900,selective_accuracy,0.45111111111111113
interactive.robust_0.8B.ABA,0.2,0.2,,,,,,Interactive ABA — 0.8B judge,3000,debater_ab_converted,0.5416666666666666,0.5416666666666666,600,,,,0.881716789107077,debater_prob_yes,0.2,600,selective_accuracy,0.44
interactive.robust_0.8B.ABA,0.1,0.1,,,,,,Interactive ABA — 0.8B judge,3000,debater_ab_converted,0.5433333333333333,0.5433333333333333,300,,,,0.9032942067038784,debater_prob_yes,0.1,300,selective_accuracy,0.45666666666666667
interactive.robust_0.8B.BAB,,,300,0.1,0.1,1,"1=lowest confidence, 10=highest confidence",Interactive BAB — 0.8B judge,,yes_no,0.57,0.57,300,0.523420348936324,0.5111283530500081,0.5,,verdict_prob_belongs,,,confidence_decile,0.4866666666666667
interactive.robust_0.8B.BAB,,,300,0.1,0.1,2,"1=lowest confidence, 10=highest confidence",Interactive BAB — 0.8B judge,,yes_no,0.62,0.62,300,0.5467381519846138,0.5351547921460766,0.523420348936324,,verdict_prob_belongs,,,confidence_decile,0.5666666666666667
interactive.robust_0.8B.BAB,,,300,0.1,0.1,3,"1=lowest confidence, 10=highest confidence",Interactive BAB — 0.8B judge,,yes_no,0.5333333333333333,0.5333333333333333,300,0.5698526514141571,0.5601498129144405,0.5467381519846138,,verdict_prob_belongs,,,confidence_decile,0.42333333333333334
interactive.robust_0.8B.BAB,,,300,0.1,0.1,4,"1=lowest confidence, 10=highest confidence",Interactive BAB — 0.8B judge,,yes_no,0.5533333333333333,0.5533333333333333,300,0.600188359260205,0.5856460570369891,0.5698526514141571,,verdict_prob_belongs,,,confidence_decile,0.43
interactive.robust_0.8B.BAB,,,300,0.1,0.1,5,"1=lowest confidence, 10=highest confidence",Interactive BAB — 0.8B judge,,yes_no,0.5066666666666667,0.5066666666666667,300,0.6297746074044134,0.6130073388983271,0.600188359260205,,verdict_prob_belongs,,,confidence_decile,0.30666666666666664
interactive.robust_0.8B.BAB,,,300,0.1,0.1,6,"1=lowest confidence, 10=highest confidence",Interactive BAB — 0.8B judge,,yes_no,0.52,0.52,300,0.6584172860765818,0.6402754900329349,0.6297746074044134,,verdict_prob_belongs,,,confidence_decile,0.4066666666666667
interactive.robust_0.8B.BAB,,,300,0.1,0.1,7,"1=lowest confidence, 10=highest confidence",Interactive BAB — 0.8B judge,,yes_no,0.54,0.54,300,0.679178699175393,0.6685497639753399,0.658417500561683,,verdict_prob_belongs,,,confidence_decile,0.4
interactive.robust_0.8B.BAB,,,300,0.1,0.1,8,"1=lowest confidence, 10=highest confidence",Interactive BAB — 0.8B judge,,yes_no,0.5666666666666667,0.5666666666666667,300,0.712232184238947,0.6959710423738682,0.679178699175393,,verdict_prob_belongs,,,confidence_decile,0.46
interactive.robust_0.8B.BAB,,,300,0.1,0.1,9,"1=lowest confidence, 10=highest confidence",Interactive BAB — 0.8B judge,,yes_no,0.5366666666666666,0.5366666666666666,300,0.7549149868676283,0.7330479617488167,0.712232184238947,,verdict_prob_belongs,,,confidence_decile,0.35333333333333333
interactive.robust_0.8B.BAB,,,300,0.1,0.1,10,"1=lowest confidence, 10=highest confidence",Interactive BAB — 0.8B judge,,yes_no,0.4866666666666667,0.4866666666666667,300,0.9086178969328287,0.7950462784400851,0.7549149868676283,,verdict_prob_belongs,,,confidence_decile,0.36
interactive.robust_0.8B.BAB,1.0,1.0,,,,,,Interactive BAB — 0.8B judge,3000,yes_no,0.5433333333333333,0.5433333333333333,3000,,,,0.5,verdict_prob_belongs,1.0,3000,selective_accuracy,0.41933333333333334
interactive.robust_0.8B.BAB,0.9,0.9,,,,,,Interactive BAB — 0.8B judge,3000,yes_no,0.54,0.54,2700,,,,0.523420348936324,verdict_prob_belongs,0.9,2700,selective_accuracy,0.4111111111111111
interactive.robust_0.8B.BAB,0.8,0.8,,,,,,Interactive BAB — 0.8B judge,3000,yes_no,0.53375,0.53375,2400,,,,0.5467381519846138,verdict_prob_belongs,0.8,2400,selective_accuracy,0.39958333333333335
interactive.robust_0.8B.BAB,0.7,0.7,,,,,,Interactive BAB — 0.8B judge,3000,yes_no,0.5328571428571428,0.5328571428571428,2100,,,,0.5698526514141571,verdict_prob_belongs,0.7,2100,selective_accuracy,0.3952380952380952
interactive.robust_0.8B.BAB,0.6,0.6,,,,,,Interactive BAB — 0.8B judge,3000,yes_no,0.5311111111111111,0.5311111111111111,1800,,,,0.600188359260205,verdict_prob_belongs,0.6,1800,selective_accuracy,0.3927777777777778
interactive.robust_0.8B.BAB,0.5,0.5,,,,,,Interactive BAB — 0.8B judge,3000,yes_no,0.5293333333333333,0.5293333333333333,1500,,,,0.6297746074044134,verdict_prob_belongs,0.5,1500,selective_accuracy,0.39466666666666667
interactive.robust_0.8B.BAB,0.4,0.4,,,,,,Interactive BAB — 0.8B judge,3000,yes_no,0.5325,0.5325,1200,,,,0.658417500561683,verdict_prob_belongs,0.4,1200,selective_accuracy,0.3933333333333333
interactive.robust_0.8B.BAB,0.3,0.3,,,,,,Interactive BAB — 0.8B judge,3000,yes_no,0.5333333333333333,0.5333333333333333,900,,,,0.679178699175393,verdict_prob_belongs,0.3,900,selective_accuracy,0.4022222222222222
interactive.robust_0.8B.BAB,0.2,0.2,,,,,,Interactive BAB — 0.8B judge,3000,yes_no,0.5283333333333333,0.5283333333333333,600,,,,0.712232184238947,verdict_prob_belongs,0.2,600,selective_accuracy,0.38333333333333336
interactive.robust_0.8B.BAB,0.1,0.1,,,,,,Interactive BAB — 0.8B judge,3000,yes_no,0.5,0.5,300,,,,0.7549149868676283,verdict_prob_belongs,0.1,300,selective_accuracy,0.38
interactive.robust_0.8B.BAB,,,300,0.1,0.1,1,"1=lowest confidence, 10=highest confidence",Interactive BAB — 0.8B judge,,true_false,0.49666666666666665,0.49666666666666665,300,0.5428632831725052,0.5215240863212068,0.5,,boolean_prob_true,,,confidence_decile,0.36333333333333334
interactive.robust_0.8B.BAB,,,300,0.1,0.1,2,"1=lowest confidence, 10=highest confidence",Interactive BAB — 0.8B judge,,true_false,0.5166666666666667,0.5166666666666667,300,0.5774953651858118,0.5611585875858415,0.5428632831725052,,boolean_prob_true,,,confidence_decile,0.36333333333333334
interactive.robust_0.8B.BAB,,,300,0.1,0.1,3,"1=lowest confidence, 10=highest confidence",Interactive BAB — 0.8B judge,,true_false,0.5466666666666666,0.5466666666666666,300,0.6039318337259583,0.5899731576752368,0.5774953651858118,,boolean_prob_true,,,confidence_decile,0.25666666666666665
interactive.robust_0.8B.BAB,,,300,0.1,0.1,4,"1=lowest confidence, 10=highest confidence",Interactive BAB — 0.8B judge,,true_false,0.5033333333333333,0.5033333333333333,300,0.6224593312018546,0.6142691099992338,0.6039318337259583,,boolean_prob_true,,,confidence_decile,0.2966666666666667
interactive.robust_0.8B.BAB,,,300,0.1,0.1,5,"1=lowest confidence, 10=highest confidence",Interactive BAB — 0.8B judge,,true_false,0.5266666666666666,0.5266666666666666,300,0.6477982179521103,0.6371968190618563,0.6224593312018546,,boolean_prob_true,,,confidence_decile,0.31333333333333335
interactive.robust_0.8B.BAB,,,300,0.1,0.1,6,"1=lowest confidence, 10=highest confidence",Interactive BAB — 0.8B judge,,true_false,0.54,0.54,300,0.672331699179286,0.6602175879065966,0.6477982179521103,,boolean_prob_true,,,confidence_decile,0.37333333333333335
interactive.robust_0.8B.BAB,,,300,0.1,0.1,7,"1=lowest confidence, 10=highest confidence",Interactive BAB — 0.8B judge,,true_false,0.5433333333333333,0.5433333333333333,300,0.6926419831347361,0.6816895693514115,0.672331699179286,,boolean_prob_true,,,confidence_decile,0.38666666666666666
interactive.robust_0.8B.BAB,,,300,0.1,0.1,8,"1=lowest confidence, 10=highest confidence",Interactive BAB — 0.8B judge,,true_false,0.5566666666666666,0.5566666666666666,300,0.7185943925708561,0.7052531130596386,0.6926419831347361,,boolean_prob_true,,,confidence_decile,0.45666666666666667
interactive.robust_0.8B.BAB,,,300,0.1,0.1,9,"1=lowest confidence, 10=highest confidence",Interactive BAB — 0.8B judge,,true_false,0.5566666666666666,0.5566666666666666,300,0.7520125737597972,0.7326200583963769,0.7185943925708561,,boolean_prob_true,,,confidence_decile,0.35
interactive.robust_0.8B.BAB,,,300,0.1,0.1,10,"1=lowest confidence, 10=highest confidence",Interactive BAB — 0.8B judge,,true_false,0.6466666666666666,0.6466666666666666,300,0.8596637505099167,0.7786191750133277,0.7520125737597972,,boolean_prob_true,,,confidence_decile,0.5133333333333333
interactive.robust_0.8B.BAB,1.0,1.0,,,,,,Interactive BAB — 0.8B judge,3000,true_false,0.5433333333333333,0.5433333333333333,3000,,,,0.5,boolean_prob_true,1.0,3000,selective_accuracy,0.36733333333333335
interactive.robust_0.8B.BAB,0.9,0.9,,,,,,Interactive BAB — 0.8B judge,3000,true_false,0.5488888888888889,0.5488888888888889,2700,,,,0.5428632831725052,boolean_prob_true,0.9,2700,selective_accuracy,0.3685185185185185
interactive.robust_0.8B.BAB,0.8,0.8,,,,,,Interactive BAB — 0.8B judge,3000,true_false,0.5541666666666667,0.5541666666666667,2400,,,,0.5774953651858118,boolean_prob_true,0.8,2400,selective_accuracy,0.37583333333333335
interactive.robust_0.8B.BAB,0.7,0.7,,,,,,Interactive BAB — 0.8B judge,3000,true_false,0.5538095238095239,0.5538095238095239,2100,,,,0.6039318337259583,boolean_prob_true,0.7,2100,selective_accuracy,0.38476190476190475
interactive.robust_0.8B.BAB,0.6,0.6,,,,,,Interactive BAB — 0.8B judge,3000,true_false,0.5616666666666666,0.5616666666666666,1800,,,,0.6224593312018546,boolean_prob_true,0.6,1800,selective_accuracy,0.39944444444444444
interactive.robust_0.8B.BAB,0.5,0.5,,,,,,Interactive BAB — 0.8B judge,3000,true_false,0.5693333333333334,0.5693333333333334,1500,,,,0.6477982179521103,boolean_prob_true,0.5,1500,selective_accuracy,0.4166666666666667
interactive.robust_0.8B.BAB,0.4,0.4,,,,,,Interactive BAB — 0.8B judge,3000,true_false,0.5841666666666666,0.5841666666666666,1200,,,,0.672331699179286,boolean_prob_true,0.4,1200,selective_accuracy,0.43916666666666665
interactive.robust_0.8B.BAB,0.3,0.3,,,,,,Interactive BAB — 0.8B judge,3000,true_false,0.6011111111111112,0.6011111111111112,900,,,,0.6926419831347361,boolean_prob_true,0.3,900,selective_accuracy,0.4633333333333333
interactive.robust_0.8B.BAB,0.2,0.2,,,,,,Interactive BAB — 0.8B judge,3000,true_false,0.6116666666666667,0.6116666666666667,600,,,,0.7185943925708561,boolean_prob_true,0.2,600,selective_accuracy,0.465
interactive.robust_0.8B.BAB,0.1,0.1,,,,,,Interactive BAB — 0.8B judge,3000,true_false,0.65,0.65,300,,,,0.7520125737597972,boolean_prob_true,0.1,300,selective_accuracy,0.5166666666666667
interactive.robust_0.8B.BAB,,,300,0.1,0.1,1,"1=lowest confidence, 10=highest confidence",Interactive BAB — 0.8B judge,,debater_ab_converted,0.58,0.58,300,0.52439467843224,0.5124788860179087,0.5,,debater_prob_yes,,,confidence_decile,0.5033333333333333
interactive.robust_0.8B.BAB,,,300,0.1,0.1,2,"1=lowest confidence, 10=highest confidence",Interactive BAB — 0.8B judge,,debater_ab_converted,0.5,0.5,300,0.5520567688732461,0.538416474668517,0.52439467843224,,debater_prob_yes,,,confidence_decile,0.5166666666666667
interactive.robust_0.8B.BAB,,,300,0.1,0.1,3,"1=lowest confidence, 10=highest confidence",Interactive BAB — 0.8B judge,,debater_ab_converted,0.5366666666666666,0.5366666666666666,300,0.5751108210554504,0.5641203279510222,0.5520567688732461,,debater_prob_yes,,,confidence_decile,0.5333333333333333
interactive.robust_0.8B.BAB,,,300,0.1,0.1,4,"1=lowest confidence, 10=highest confidence",Interactive BAB — 0.8B judge,,debater_ab_converted,0.5133333333333333,0.5133333333333333,300,0.6022955337863223,0.588467069631818,0.5751108210554504,,debater_prob_yes,,,confidence_decile,0.5133333333333333
interactive.robust_0.8B.BAB,,,300,0.1,0.1,5,"1=lowest confidence, 10=highest confidence",Interactive BAB — 0.8B judge,,debater_ab_converted,0.5633333333333334,0.5633333333333334,300,0.629319104299195,0.6159220669548349,0.6024124886960115,,debater_prob_yes,,,confidence_decile,0.55
interactive.robust_0.8B.BAB,,,300,0.1,0.1,6,"1=lowest confidence, 10=highest confidence",Interactive BAB — 0.8B judge,,debater_ab_converted,0.5533333333333333,0.5533333333333333,300,0.6566169867271908,0.6427305403055549,0.629319104299195,,debater_prob_yes,,,confidence_decile,0.53
interactive.robust_0.8B.BAB,,,300,0.1,0.1,7,"1=lowest confidence, 10=highest confidence",Interactive BAB — 0.8B judge,,debater_ab_converted,0.5333333333333333,0.5333333333333333,300,0.689305616785446,0.6725779225306366,0.6566582705381819,,debater_prob_yes,,,confidence_decile,0.47
interactive.robust_0.8B.BAB,,,300,0.1,0.1,8,"1=lowest confidence, 10=highest confidence",Interactive BAB — 0.8B judge,,debater_ab_converted,0.5133333333333333,0.5133333333333333,300,0.723504868613798,0.7056011089403764,0.689305616785446,,debater_prob_yes,,,confidence_decile,0.4866666666666667
interactive.robust_0.8B.BAB,,,300,0.1,0.1,9,"1=lowest confidence, 10=highest confidence",Interactive BAB — 0.8B judge,,debater_ab_converted,0.5466666666666666,0.5466666666666666,300,0.7711548724998493,0.7455753611186722,0.7237001829732715,,debater_prob_yes,,,confidence_decile,0.48333333333333334
interactive.robust_0.8B.BAB,,,300,0.1,0.1,10,"1=lowest confidence, 10=highest confidence",Interactive BAB — 0.8B judge,,debater_ab_converted,0.5933333333333334,0.5933333333333334,300,0.9520418961921002,0.8093732179149851,0.7711548724998493,,debater_prob_yes,,,confidence_decile,0.53
interactive.robust_0.8B.BAB,1.0,1.0,,,,,,Interactive BAB — 0.8B judge,3000,debater_ab_converted,0.5433333333333333,0.5433333333333333,3000,,,,0.5,debater_prob_yes,1.0,3000,selective_accuracy,0.5116666666666667
interactive.robust_0.8B.BAB,0.9,0.9,,,,,,Interactive BAB — 0.8B judge,3000,debater_ab_converted,0.5396296296296297,0.5396296296296297,2700,,,,0.52439467843224,debater_prob_yes,0.9,2700,selective_accuracy,0.512962962962963
interactive.robust_0.8B.BAB,0.8,0.8,,,,,,Interactive BAB — 0.8B judge,3000,debater_ab_converted,0.5441666666666667,0.5441666666666667,2400,,,,0.5520567688732461,debater_prob_yes,0.8,2400,selective_accuracy,0.5116666666666667
interactive.robust_0.8B.BAB,0.7,0.7,,,,,,Interactive BAB — 0.8B judge,3000,debater_ab_converted,0.5452380952380952,0.5452380952380952,2100,,,,0.5751108210554504,debater_prob_yes,0.7,2100,selective_accuracy,0.5090476190476191
interactive.robust_0.8B.BAB,0.6,0.6,,,,,,Interactive BAB — 0.8B judge,3000,debater_ab_converted,0.5505555555555556,0.5505555555555556,1800,,,,0.6024124886960115,debater_prob_yes,0.6,1800,selective_accuracy,0.5083333333333333
interactive.robust_0.8B.BAB,0.5,0.5,,,,,,Interactive BAB — 0.8B judge,3000,debater_ab_converted,0.548,0.548,1500,,,,0.629319104299195,debater_prob_yes,0.5,1500,selective_accuracy,0.5
interactive.robust_0.8B.BAB,0.4,0.4,,,,,,Interactive BAB — 0.8B judge,3000,debater_ab_converted,0.5466666666666666,0.5466666666666666,1200,,,,0.6566582705381819,debater_prob_yes,0.4,1200,selective_accuracy,0.4925
interactive.robust_0.8B.BAB,0.3,0.3,,,,,,Interactive BAB — 0.8B judge,3000,debater_ab_converted,0.5522222222222222,0.5522222222222222,900,,,,0.689305616785446,debater_prob_yes,0.3,900,selective_accuracy,0.5011111111111111
interactive.robust_0.8B.BAB,0.2,0.2,,,,,,Interactive BAB — 0.8B judge,3000,debater_ab_converted,0.57,0.57,600,,,,0.7237001829732715,debater_prob_yes,0.2,600,selective_accuracy,0.5066666666666667
interactive.robust_0.8B.BAB,0.1,0.1,,,,,,Interactive BAB — 0.8B judge,3000,debater_ab_converted,0.5933333333333334,0.5933333333333334,300,,,,0.7711548724998493,debater_prob_yes,0.1,300,selective_accuracy,0.53
interactive.robust_0.8B.BAB_swapped_labels,,,300,0.1,0.1,1,"1=lowest confidence, 10=highest confidence",Interactive BAB — displayed labels swapped,,yes_no,0.6566666666666666,0.6566666666666666,300,0.523420348936324,0.513015080902702,0.5,,verdict_prob_belongs,,,confidence_decile,0.5933333333333334
interactive.robust_0.8B.BAB_swapped_labels,,,300,0.1,0.1,2,"1=lowest confidence, 10=highest confidence",Interactive BAB — displayed labels swapped,,yes_no,0.5466666666666666,0.5466666666666666,300,0.5467381519846138,0.5376684430292246,0.523420348936324,,verdict_prob_belongs,,,confidence_decile,0.4766666666666667
interactive.robust_0.8B.BAB_swapped_labels,,,300,0.1,0.1,3,"1=lowest confidence, 10=highest confidence",Interactive BAB — displayed labels swapped,,yes_no,0.57,0.57,300,0.5736784074525096,0.5615990012385956,0.5467381519846138,,verdict_prob_belongs,,,confidence_decile,0.4666666666666667
interactive.robust_0.8B.BAB_swapped_labels,,,300,0.1,0.1,4,"1=lowest confidence, 10=highest confidence",Interactive BAB — displayed labels swapped,,yes_no,0.55,0.55,300,0.600188359260205,0.586180749546353,0.5736784074525096,,verdict_prob_belongs,,,confidence_decile,0.44666666666666666
interactive.robust_0.8B.BAB_swapped_labels,,,300,0.1,0.1,5,"1=lowest confidence, 10=highest confidence",Interactive BAB — displayed labels swapped,,yes_no,0.5466666666666666,0.5466666666666666,300,0.6224593312018546,0.6099710282120095,0.600188359260205,,verdict_prob_belongs,,,confidence_decile,0.4166666666666667
interactive.robust_0.8B.BAB_swapped_labels,,,300,0.1,0.1,6,"1=lowest confidence, 10=highest confidence",Interactive BAB — displayed labels swapped,,yes_no,0.5033333333333333,0.5033333333333333,300,0.6513548646660542,0.6352356598863971,0.6224593312018546,,verdict_prob_belongs,,,confidence_decile,0.33
interactive.robust_0.8B.BAB_swapped_labels,,,300,0.1,0.1,7,"1=lowest confidence, 10=highest confidence",Interactive BAB — displayed labels swapped,,yes_no,0.5066666666666667,0.5066666666666667,300,0.6757646010190476,0.662658803043315,0.6513548646660542,,verdict_prob_belongs,,,confidence_decile,0.4033333333333333
interactive.robust_0.8B.BAB_swapped_labels,,,300,0.1,0.1,8,"1=lowest confidence, 10=highest confidence",Interactive BAB — displayed labels swapped,,yes_no,0.5733333333333334,0.5733333333333334,300,0.712232184238947,0.6929983238998196,0.6757646010190476,,verdict_prob_belongs,,,confidence_decile,0.4266666666666667
interactive.robust_0.8B.BAB_swapped_labels,,,300,0.1,0.1,9,"1=lowest confidence, 10=highest confidence",Interactive BAB — displayed labels swapped,,yes_no,0.5333333333333333,0.5333333333333333,300,0.7520125737597972,0.7308666964054433,0.712232184238947,,verdict_prob_belongs,,,confidence_decile,0.38
interactive.robust_0.8B.BAB_swapped_labels,,,300,0.1,0.1,10,"1=lowest confidence, 10=highest confidence",Interactive BAB — displayed labels swapped,,yes_no,0.47333333333333333,0.47333333333333333,300,0.91610961358942,0.7896739533667115,0.7520125737597972,,verdict_prob_belongs,,,confidence_decile,0.3433333333333333
interactive.robust_0.8B.BAB_swapped_labels,1.0,1.0,,,,,,Interactive BAB — displayed labels swapped,3000,yes_no,0.546,0.546,3000,,,,0.5,verdict_prob_belongs,1.0,3000,selective_accuracy,0.42833333333333334
interactive.robust_0.8B.BAB_swapped_labels,0.9,0.9,,,,,,Interactive BAB — displayed labels swapped,3000,yes_no,0.5385185185185185,0.5385185185185185,2700,,,,0.523420348936324,verdict_prob_belongs,0.9,2700,selective_accuracy,0.4162962962962963
interactive.robust_0.8B.BAB_swapped_labels,0.8,0.8,,,,,,Interactive BAB — displayed labels swapped,3000,yes_no,0.5354166666666667,0.5354166666666667,2400,,,,0.5467381519846138,verdict_prob_belongs,0.8,2400,selective_accuracy,0.40958333333333335
interactive.robust_0.8B.BAB_swapped_labels,0.7,0.7,,,,,,Interactive BAB — displayed labels swapped,3000,yes_no,0.5276190476190477,0.5276190476190477,2100,,,,0.5736784074525096,verdict_prob_belongs,0.7,2100,selective_accuracy,0.3933333333333333
interactive.robust_0.8B.BAB_swapped_labels,0.6,0.6,,,,,,Interactive BAB — displayed labels swapped,3000,yes_no,0.5233333333333333,0.5233333333333333,1800,,,,0.600188359260205,verdict_prob_belongs,0.6,1800,selective_accuracy,0.385
interactive.robust_0.8B.BAB_swapped_labels,0.5,0.5,,,,,,Interactive BAB — displayed labels swapped,3000,yes_no,0.5266666666666666,0.5266666666666666,1500,,,,0.6224593312018546,verdict_prob_belongs,0.5,1500,selective_accuracy,0.3873333333333333
interactive.robust_0.8B.BAB_swapped_labels,0.4,0.4,,,,,,Interactive BAB — displayed labels swapped,3000,yes_no,0.5266666666666666,0.5266666666666666,1200,,,,0.6513548646660542,verdict_prob_belongs,0.4,1200,selective_accuracy,0.39416666666666667
interactive.robust_0.8B.BAB_swapped_labels,0.3,0.3,,,,,,Interactive BAB — displayed labels swapped,3000,yes_no,0.53,0.53,900,,,,0.6757646010190476,verdict_prob_belongs,0.3,900,selective_accuracy,0.38666666666666666
interactive.robust_0.8B.BAB_swapped_labels,0.2,0.2,,,,,,Interactive BAB — displayed labels swapped,3000,yes_no,0.5166666666666667,0.5166666666666667,600,,,,0.712232184238947,verdict_prob_belongs,0.2,600,selective_accuracy,0.37833333333333335
interactive.robust_0.8B.BAB_swapped_labels,0.1,0.1,,,,,,Interactive BAB — displayed labels swapped,3000,yes_no,0.4766666666666667,0.4766666666666667,300,,,,0.7520125737597972,verdict_prob_belongs,0.1,300,selective_accuracy,0.3466666666666667
interactive.robust_0.8B.BAB_swapped_labels,,,300,0.1,0.1,1,"1=lowest confidence, 10=highest confidence",Interactive BAB — displayed labels swapped,,true_false,0.49,0.49,300,0.5312093733737563,0.514769420446154,0.5,,boolean_prob_true,,,confidence_decile,0.47
interactive.robust_0.8B.BAB_swapped_labels,,,300,0.1,0.1,2,"1=lowest confidence, 10=highest confidence",Interactive BAB — displayed labels swapped,,true_false,0.5566666666666666,0.5566666666666666,300,0.5583269943353745,0.5440408672256203,0.5312093733737563,,boolean_prob_true,,,confidence_decile,0.3433333333333333
interactive.robust_0.8B.BAB_swapped_labels,,,300,0.1,0.1,3,"1=lowest confidence, 10=highest confidence",Interactive BAB — displayed labels swapped,,true_false,0.5333333333333333,0.5333333333333333,300,0.5851011542032312,0.5703039652302186,0.5583269943353745,,boolean_prob_true,,,confidence_decile,0.35
interactive.robust_0.8B.BAB_swapped_labels,,,300,0.1,0.1,4,"1=lowest confidence, 10=highest confidence",Interactive BAB — displayed labels swapped,,true_false,0.49,0.49,300,0.6076629424686698,0.5935426199287228,0.5851011542032312,,boolean_prob_true,,,confidence_decile,0.30333333333333334
interactive.robust_0.8B.BAB_swapped_labels,,,300,0.1,0.1,5,"1=lowest confidence, 10=highest confidence",Interactive BAB — displayed labels swapped,,true_false,0.5266666666666666,0.5266666666666666,300,0.6261241772283034,0.6156734098492457,0.6076631698328916,,boolean_prob_true,,,confidence_decile,0.37
interactive.robust_0.8B.BAB_swapped_labels,,,300,0.1,0.1,6,"1=lowest confidence, 10=highest confidence",Interactive BAB — displayed labels swapped,,true_false,0.5366666666666666,0.5366666666666666,300,0.6477982179521103,0.6381055791910142,0.6261241772283034,,boolean_prob_true,,,confidence_decile,0.32
interactive.robust_0.8B.BAB_swapped_labels,,,300,0.1,0.1,7,"1=lowest confidence, 10=highest confidence",Interactive BAB — displayed labels swapped,,true_false,0.6,0.6,300,0.672331699179286,0.6603391190520705,0.6477982179521103,,boolean_prob_true,,,confidence_decile,0.43333333333333335
interactive.robust_0.8B.BAB_swapped_labels,,,300,0.1,0.1,8,"1=lowest confidence, 10=highest confidence",Interactive BAB — displayed labels swapped,,true_false,0.55,0.55,300,0.6992544210587585,0.6850867275653546,0.672331699179286,,boolean_prob_true,,,confidence_decile,0.37666666666666665
interactive.robust_0.8B.BAB_swapped_labels,,,300,0.1,0.1,9,"1=lowest confidence, 10=highest confidence",Interactive BAB — displayed labels swapped,,true_false,0.59,0.59,300,0.7310585786300049,0.7153075155493757,0.6992544210587585,,boolean_prob_true,,,confidence_decile,0.41333333333333333
interactive.robust_0.8B.BAB_swapped_labels,,,300,0.1,0.1,10,"1=lowest confidence, 10=highest confidence",Interactive BAB — displayed labels swapped,,true_false,0.5866666666666667,0.5866666666666667,300,0.8479677583778257,0.762992905978269,0.7310585786300049,,boolean_prob_true,,,confidence_decile,0.4633333333333333
interactive.robust_0.8B.BAB_swapped_labels,1.0,1.0,,,,,,Interactive BAB — displayed labels swapped,3000,true_false,0.546,0.546,3000,,,,0.5,boolean_prob_true,1.0,3000,selective_accuracy,0.38433333333333336
interactive.robust_0.8B.BAB_swapped_labels,0.9,0.9,,,,,,Interactive BAB — displayed labels swapped,3000,true_false,0.5522222222222222,0.5522222222222222,2700,,,,0.5312093733737563,boolean_prob_true,0.9,2700,selective_accuracy,0.37851851851851853
interactive.robust_0.8B.BAB_swapped_labels,0.8,0.8,,,,,,Interactive BAB — displayed labels swapped,3000,true_false,0.55125,0.55125,2400,,,,0.5583269943353745,boolean_prob_true,0.8,2400,selective_accuracy,0.37833333333333335
interactive.robust_0.8B.BAB_swapped_labels,0.7,0.7,,,,,,Interactive BAB — displayed labels swapped,3000,true_false,0.5542857142857143,0.5542857142857143,2100,,,,0.5851011542032312,boolean_prob_true,0.7,2100,selective_accuracy,0.38333333333333336
interactive.robust_0.8B.BAB_swapped_labels,0.6,0.6,,,,,,Interactive BAB — displayed labels swapped,3000,true_false,0.565,0.565,1800,,,,0.6076631698328916,boolean_prob_true,0.6,1800,selective_accuracy,0.39611111111111114
interactive.robust_0.8B.BAB_swapped_labels,0.5,0.5,,,,,,Interactive BAB — displayed labels swapped,3000,true_false,0.5726666666666667,0.5726666666666667,1500,,,,0.6261241772283034,boolean_prob_true,0.5,1500,selective_accuracy,0.402
interactive.robust_0.8B.BAB_swapped_labels,0.4,0.4,,,,,,Interactive BAB — displayed labels swapped,3000,true_false,0.5833333333333334,0.5833333333333334,1200,,,,0.6477982179521103,boolean_prob_true,0.4,1200,selective_accuracy,0.42583333333333334
interactive.robust_0.8B.BAB_swapped_labels,0.3,0.3,,,,,,Interactive BAB — displayed labels swapped,3000,true_false,0.5866666666666667,0.5866666666666667,900,,,,0.672331699179286,boolean_prob_true,0.3,900,selective_accuracy,0.43444444444444447
interactive.robust_0.8B.BAB_swapped_labels,0.2,0.2,,,,,,Interactive BAB — displayed labels swapped,3000,true_false,0.6033333333333334,0.6033333333333334,600,,,,0.6992544210587585,boolean_prob_true,0.2,600,selective_accuracy,0.4633333333333333
interactive.robust_0.8B.BAB_swapped_labels,0.1,0.1,,,,,,Interactive BAB — displayed labels swapped,3000,true_false,0.6066666666666667,0.6066666666666667,300,,,,0.7310585786300049,boolean_prob_true,0.1,300,selective_accuracy,0.49333333333333335
interactive.robust_0.8B.BAB_swapped_labels,,,300,0.1,0.1,1,"1=lowest confidence, 10=highest confidence",Interactive BAB — displayed labels swapped,,debater_ab_converted,0.5733333333333334,0.5733333333333334,300,0.670176704984625,0.6005649134603319,0.5,,debater_prob_yes,,,confidence_decile,0.51
interactive.robust_0.8B.BAB_swapped_labels,,,300,0.1,0.1,2,"1=lowest confidence, 10=highest confidence",Interactive BAB — displayed labels swapped,,debater_ab_converted,0.5133333333333333,0.5133333333333333,300,0.725259623330965,0.7002765258368538,0.6702846256482512,,debater_prob_yes,,,confidence_decile,0.5866666666666667
interactive.robust_0.8B.BAB_swapped_labels,,,300,0.1,0.1,3,"1=lowest confidence, 10=highest confidence",Interactive BAB — displayed labels swapped,,debater_ab_converted,0.5366666666666666,0.5366666666666666,300,0.7608284015956692,0.7440808784199249,0.7256486280413706,,debater_prob_yes,,,confidence_decile,0.4866666666666667
interactive.robust_0.8B.BAB_swapped_labels,,,300,0.1,0.1,4,"1=lowest confidence, 10=highest confidence",Interactive BAB — displayed labels swapped,,debater_ab_converted,0.5133333333333333,0.5133333333333333,300,0.7872777442252712,0.7751813810914772,0.7610060599864007,,debater_prob_yes,,,confidence_decile,0.48333333333333334
interactive.robust_0.8B.BAB_swapped_labels,,,300,0.1,0.1,5,"1=lowest confidence, 10=highest confidence",Interactive BAB — displayed labels swapped,,debater_ab_converted,0.5266666666666666,0.5266666666666666,300,0.8086723228520697,0.7976336322026125,0.7872777442252712,,debater_prob_yes,,,confidence_decile,0.46
interactive.robust_0.8B.BAB_swapped_labels,,,300,0.1,0.1,6,"1=lowest confidence, 10=highest confidence",Interactive BAB — displayed labels swapped,,debater_ab_converted,0.5533333333333333,0.5533333333333333,300,0.8294920001731195,0.8190890090690804,0.8089743309114856,,debater_prob_yes,,,confidence_decile,0.5133333333333333
interactive.robust_0.8B.BAB_swapped_labels,,,300,0.1,0.1,7,"1=lowest confidence, 10=highest confidence",Interactive BAB — displayed labels swapped,,debater_ab_converted,0.5633333333333334,0.5633333333333334,300,0.8494723686970466,0.8396914499868231,0.8294920001731195,,debater_prob_yes,,,confidence_decile,0.5
interactive.robust_0.8B.BAB_swapped_labels,,,300,0.1,0.1,8,"1=lowest confidence, 10=highest confidence",Interactive BAB — displayed labels swapped,,debater_ab_converted,0.5633333333333334,0.5633333333333334,300,0.8679338421303608,0.8583888299263343,0.8497219425324707,,debater_prob_yes,,,confidence_decile,0.51
interactive.robust_0.8B.BAB_swapped_labels,,,300,0.1,0.1,9,"1=lowest confidence, 10=highest confidence",Interactive BAB — displayed labels swapped,,debater_ab_converted,0.5733333333333334,0.5733333333333334,300,0.8931231151348971,0.880227936238088,0.8679338421303608,,debater_prob_yes,,,confidence_decile,0.49333333333333335
interactive.robust_0.8B.BAB_swapped_labels,,,300,0.1,0.1,10,"1=lowest confidence, 10=highest confidence",Interactive BAB — displayed labels swapped,,debater_ab_converted,0.5433333333333333,0.5433333333333333,300,0.9567151548042914,0.9129834466778162,0.8932162963625037,,debater_prob_yes,,,confidence_decile,0.5033333333333333
interactive.robust_0.8B.BAB_swapped_labels,1.0,1.0,,,,,,Interactive BAB — displayed labels swapped,3000,debater_ab_converted,0.546,0.546,3000,,,,0.5,debater_prob_yes,1.0,3000,selective_accuracy,0.5046666666666667
interactive.robust_0.8B.BAB_swapped_labels,0.9,0.9,,,,,,Interactive BAB — displayed labels swapped,3000,debater_ab_converted,0.542962962962963,0.542962962962963,2700,,,,0.6702846256482512,debater_prob_yes,0.9,2700,selective_accuracy,0.5040740740740741
interactive.robust_0.8B.BAB_swapped_labels,0.8,0.8,,,,,,Interactive BAB — displayed labels swapped,3000,debater_ab_converted,0.5466666666666666,0.5466666666666666,2400,,,,0.7256486280413706,debater_prob_yes,0.8,2400,selective_accuracy,0.49375
interactive.robust_0.8B.BAB_swapped_labels,0.7,0.7,,,,,,Interactive BAB — displayed labels swapped,3000,debater_ab_converted,0.5480952380952381,0.5480952380952381,2100,,,,0.7610060599864007,debater_prob_yes,0.7,2100,selective_accuracy,0.49476190476190474
interactive.robust_0.8B.BAB_swapped_labels,0.6,0.6,,,,,,Interactive BAB — displayed labels swapped,3000,debater_ab_converted,0.5538888888888889,0.5538888888888889,1800,,,,0.7872777442252712,debater_prob_yes,0.6,1800,selective_accuracy,0.49666666666666665
interactive.robust_0.8B.BAB_swapped_labels,0.5,0.5,,,,,,Interactive BAB — displayed labels swapped,3000,debater_ab_converted,0.5593333333333333,0.5593333333333333,1500,,,,0.8089743309114856,debater_prob_yes,0.5,1500,selective_accuracy,0.504
interactive.robust_0.8B.BAB_swapped_labels,0.4,0.4,,,,,,Interactive BAB — displayed labels swapped,3000,debater_ab_converted,0.5616666666666666,0.5616666666666666,1200,,,,0.8294920001731195,debater_prob_yes,0.4,1200,selective_accuracy,0.5016666666666667
interactive.robust_0.8B.BAB_swapped_labels,0.3,0.3,,,,,,Interactive BAB — displayed labels swapped,3000,debater_ab_converted,0.56,0.56,900,,,,0.8497219425324707,debater_prob_yes,0.3,900,selective_accuracy,0.5022222222222222
interactive.robust_0.8B.BAB_swapped_labels,0.2,0.2,,,,,,Interactive BAB — displayed labels swapped,3000,debater_ab_converted,0.5566666666666666,0.5566666666666666,600,,,,0.8679338421303608,debater_prob_yes,0.2,600,selective_accuracy,0.49666666666666665
interactive.robust_0.8B.BAB_swapped_labels,0.1,0.1,,,,,,Interactive BAB — displayed labels swapped,3000,debater_ab_converted,0.5433333333333333,0.5433333333333333,300,,,,0.8932162963625037,debater_prob_yes,0.1,300,selective_accuracy,0.5033333333333333
statement.rejudge_2B,,,300,0.1,0.1,1,"1=lowest confidence, 10=highest confidence",Statement — rejudged by 2B,,yes_no,0.7133333333333334,0.7133333333333334,300,0.5774953651858117,0.5380715420693268,0.5,,verdict_prob_belongs,,,confidence_decile,0.49666666666666665
statement.rejudge_2B,,,300,0.1,0.1,2,"1=lowest confidence, 10=highest confidence",Statement — rejudged by 2B,,yes_no,0.7,0.7,300,0.6513548646660542,0.6114439039742228,0.5774953651858117,,verdict_prob_belongs,,,confidence_decile,0.43
statement.rejudge_2B,,,300,0.1,0.1,3,"1=lowest confidence, 10=highest confidence",Statement — rejudged by 2B,,yes_no,0.6333333333333333,0.6333333333333333,300,0.7371581626286834,0.694063670554285,0.6513548646660542,,verdict_prob_belongs,,,confidence_decile,0.4533333333333333
statement.rejudge_2B,,,300,0.1,0.1,4,"1=lowest confidence, 10=highest confidence",Statement — rejudged by 2B,,yes_no,0.6233333333333333,0.6233333333333333,300,0.8080672135527631,0.7735483917317669,0.7371581626286834,,verdict_prob_belongs,,,confidence_decile,0.58
statement.rejudge_2B,,,300,0.1,0.1,5,"1=lowest confidence, 10=highest confidence",Statement — rejudged by 2B,,yes_no,0.73,0.73,300,0.8519528019683105,0.8291184374757644,0.8080672135527631,,verdict_prob_belongs,,,confidence_decile,0.7533333333333333
statement.rejudge_2B,,,300,0.1,0.1,6,"1=lowest confidence, 10=highest confidence",Statement — rejudged by 2B,,yes_no,0.8166666666666667,0.8166666666666667,300,0.8840392817460332,0.8676191082095673,0.8519528019683105,,verdict_prob_belongs,,,confidence_decile,0.8466666666666667
statement.rejudge_2B,,,300,0.1,0.1,7,"1=lowest confidence, 10=highest confidence",Statement — rejudged by 2B,,yes_no,0.88,0.88,300,0.9059898203834278,0.8949421064539823,0.8840392817460332,,verdict_prob_belongs,,,confidence_decile,0.9033333333333333
statement.rejudge_2B,,,300,0.1,0.1,8,"1=lowest confidence, 10=highest confidence",Statement — rejudged by 2B,,yes_no,0.94,0.94,300,0.9263037302939515,0.9160795771691763,0.9059898203834278,,verdict_prob_belongs,,,confidence_decile,0.96
statement.rejudge_2B,,,300,0.1,0.1,9,"1=lowest confidence, 10=highest confidence",Statement — rejudged by 2B,,yes_no,0.9366666666666666,0.9366666666666666,300,0.9449947117065458,0.9352910903707101,0.9263037302939515,,verdict_prob_belongs,,,confidence_decile,0.9733333333333334
statement.rejudge_2B,,,300,0.1,0.1,10,"1=lowest confidence, 10=highest confidence",Statement — rejudged by 2B,,yes_no,0.9766666666666667,0.9766666666666667,300,0.9884918509356966,0.9577392768203623,0.9449947117065458,,verdict_prob_belongs,,,confidence_decile,0.9933333333333333
statement.rejudge_2B,1.0,1.0,,,,,,Statement — rejudged by 2B,3000,yes_no,0.795,0.795,3000,,,,0.5,verdict_prob_belongs,1.0,3000,selective_accuracy,0.739
statement.rejudge_2B,0.9,0.9,,,,,,Statement — rejudged by 2B,3000,yes_no,0.8037037037037037,0.8037037037037037,2700,,,,0.5774953651858117,verdict_prob_belongs,0.9,2700,selective_accuracy,0.7648148148148148
statement.rejudge_2B,0.8,0.8,,,,,,Statement — rejudged by 2B,3000,yes_no,0.8170833333333334,0.8170833333333334,2400,,,,0.6513548646660542,verdict_prob_belongs,0.8,2400,selective_accuracy,0.8079166666666666
statement.rejudge_2B,0.7,0.7,,,,,,Statement — rejudged by 2B,3000,yes_no,0.8423809523809523,0.8423809523809523,2100,,,,0.7371581626286834,verdict_prob_belongs,0.7,2100,selective_accuracy,0.8552380952380952
statement.rejudge_2B,0.6,0.6,,,,,,Statement — rejudged by 2B,3000,yes_no,0.8783333333333333,0.8783333333333333,1800,,,,0.8080672135527631,verdict_prob_belongs,0.6,1800,selective_accuracy,0.9027777777777778
statement.rejudge_2B,0.5,0.5,,,,,,Statement — rejudged by 2B,3000,yes_no,0.9093333333333333,0.9093333333333333,1500,,,,0.8519528019683105,verdict_prob_belongs,0.5,1500,selective_accuracy,0.9346666666666666
statement.rejudge_2B,0.4,0.4,,,,,,Statement — rejudged by 2B,3000,yes_no,0.9333333333333333,0.9333333333333333,1200,,,,0.8840392817460332,verdict_prob_belongs,0.4,1200,selective_accuracy,0.9566666666666667
statement.rejudge_2B,0.3,0.3,,,,,,Statement — rejudged by 2B,3000,yes_no,0.9511111111111111,0.9511111111111111,900,,,,0.9059898203834278,verdict_prob_belongs,0.3,900,selective_accuracy,0.9755555555555555
statement.rejudge_2B,0.2,0.2,,,,,,Statement — rejudged by 2B,3000,yes_no,0.955,0.955,600,,,,0.9263037302939515,verdict_prob_belongs,0.2,600,selective_accuracy,0.9816666666666667
statement.rejudge_2B,0.1,0.1,,,,,,Statement — rejudged by 2B,3000,yes_no,0.97,0.97,300,,,,0.9449947117065458,verdict_prob_belongs,0.1,300,selective_accuracy,0.99
statement.rejudge_2B,,,300,0.1,0.1,1,"1=lowest confidence, 10=highest confidence",Statement — rejudged by 2B,,true_false,0.8166666666666667,0.8166666666666667,300,0.6076631698328916,0.5635253794915209,0.5,,boolean_prob_true,,,confidence_decile,0.26666666666666666
statement.rejudge_2B,,,300,0.1,0.1,2,"1=lowest confidence, 10=highest confidence",Statement — rejudged by 2B,,true_false,0.7266666666666667,0.7266666666666667,300,0.665410558746814,0.6421504295348661,0.6076631698328916,,boolean_prob_true,,,confidence_decile,0.3566666666666667
statement.rejudge_2B,,,300,0.1,0.1,3,"1=lowest confidence, 10=highest confidence",Statement — rejudged by 2B,,true_false,0.71,0.71,300,0.7025300573952054,0.6869787867026024,0.665410558746814,,boolean_prob_true,,,confidence_decile,0.5366666666666666
statement.rejudge_2B,,,300,0.1,0.1,4,"1=lowest confidence, 10=highest confidence",Statement — rejudged by 2B,,true_false,0.72,0.72,300,0.7310585786300049,0.718328347783162,0.7057850278370112,,boolean_prob_true,,,confidence_decile,0.62
statement.rejudge_2B,,,300,0.1,0.1,5,"1=lowest confidence, 10=highest confidence",Statement — rejudged by 2B,,true_false,0.7433333333333333,0.7433333333333333,300,0.7549149868676283,0.7446842871633231,0.7310585786300049,,boolean_prob_true,,,confidence_decile,0.67
statement.rejudge_2B,,,300,0.1,0.1,6,"1=lowest confidence, 10=highest confidence",Statement — rejudged by 2B,,true_false,0.7933333333333333,0.7933333333333333,300,0.7772998611746912,0.7669891844030012,0.7549149868676283,,boolean_prob_true,,,confidence_decile,0.8
statement.rejudge_2B,,,300,0.1,0.1,7,"1=lowest confidence, 10=highest confidence",Statement — rejudged by 2B,,true_false,0.82,0.82,300,0.7981867777396212,0.7870854796870879,0.7772998611746912,,boolean_prob_true,,,confidence_decile,0.8266666666666667
statement.rejudge_2B,,,300,0.1,0.1,8,"1=lowest confidence, 10=highest confidence",Statement — rejudged by 2B,,true_false,0.83,0.83,300,0.8175744761936437,0.8073984350419868,0.7981867777396212,,boolean_prob_true,,,confidence_decile,0.8433333333333334
statement.rejudge_2B,,,300,0.1,0.1,9,"1=lowest confidence, 10=highest confidence",Statement — rejudged by 2B,,true_false,0.8766666666666667,0.8766666666666667,300,0.8418256472515683,0.8284560599531141,0.8175744761936437,,boolean_prob_true,,,confidence_decile,0.93
statement.rejudge_2B,,,300,0.1,0.1,10,"1=lowest confidence, 10=highest confidence",Statement — rejudged by 2B,,true_false,0.9133333333333333,0.9133333333333333,300,0.9284088005554475,0.8640495619410082,0.8418256472515683,,boolean_prob_true,,,confidence_decile,0.9433333333333334
statement.rejudge_2B,1.0,1.0,,,,,,Statement — rejudged by 2B,3000,true_false,0.795,0.795,3000,,,,0.5,boolean_prob_true,1.0,3000,selective_accuracy,0.6793333333333333
statement.rejudge_2B,0.9,0.9,,,,,,Statement — rejudged by 2B,3000,true_false,0.792962962962963,0.792962962962963,2700,,,,0.6076631698328916,boolean_prob_true,0.9,2700,selective_accuracy,0.7233333333333334
statement.rejudge_2B,0.8,0.8,,,,,,Statement — rejudged by 2B,3000,true_false,0.8004166666666667,0.8004166666666667,2400,,,,0.665410558746814,boolean_prob_true,0.8,2400,selective_accuracy,0.7695833333333333
statement.rejudge_2B,0.7,0.7,,,,,,Statement — rejudged by 2B,3000,true_false,0.8138095238095238,0.8138095238095238,2100,,,,0.7057850278370112,boolean_prob_true,0.7,2100,selective_accuracy,0.8047619047619048
statement.rejudge_2B,0.6,0.6,,,,,,Statement — rejudged by 2B,3000,true_false,0.8238888888888889,0.8238888888888889,1800,,,,0.7310585786300049,boolean_prob_true,0.6,1800,selective_accuracy,0.8283333333333334
statement.rejudge_2B,0.5,0.5,,,,,,Statement — rejudged by 2B,3000,true_false,0.842,0.842,1500,,,,0.7549149868676283,boolean_prob_true,0.5,1500,selective_accuracy,0.86
statement.rejudge_2B,0.4,0.4,,,,,,Statement — rejudged by 2B,3000,true_false,0.8516666666666667,0.8516666666666667,1200,,,,0.7772998611746912,boolean_prob_true,0.4,1200,selective_accuracy,0.8741666666666666
statement.rejudge_2B,0.3,0.3,,,,,,Statement — rejudged by 2B,3000,true_false,0.8666666666666667,0.8666666666666667,900,,,,0.7981867777396212,boolean_prob_true,0.3,900,selective_accuracy,0.8977777777777778
statement.rejudge_2B,0.2,0.2,,,,,,Statement — rejudged by 2B,3000,true_false,0.8883333333333333,0.8883333333333333,600,,,,0.8175744761936437,boolean_prob_true,0.2,600,selective_accuracy,0.925
statement.rejudge_2B,0.1,0.1,,,,,,Statement — rejudged by 2B,3000,true_false,0.91,0.91,300,,,,0.8418256472515683,boolean_prob_true,0.1,300,selective_accuracy,0.94
statement.rejudge_2B,,,300,0.1,0.1,1,"1=lowest confidence, 10=highest confidence",Statement — rejudged by 2B,,debater_ab_converted,0.7,0.7,300,0.6187804337438501,0.5740093312266266,0.5039061705290805,,debater_prob_yes,,,confidence_decile,0.5066666666666667
statement.rejudge_2B,,,300,0.1,0.1,2,"1=lowest confidence, 10=highest confidence",Statement — rejudged by 2B,,debater_ab_converted,0.77,0.77,300,0.6588566299723456,0.6407499987511096,0.6187804337438501,,debater_prob_yes,,,confidence_decile,0.5166666666666667
statement.rejudge_2B,,,300,0.1,0.1,3,"1=lowest confidence, 10=highest confidence",Statement — rejudged by 2B,,debater_ab_converted,0.8133333333333334,0.8133333333333334,300,0.6859494550081925,0.6728201424047555,0.6592954869730118,,debater_prob_yes,,,confidence_decile,0.43333333333333335
statement.rejudge_2B,,,300,0.1,0.1,4,"1=lowest confidence, 10=highest confidence",Statement — rejudged by 2B,,debater_ab_converted,0.7866666666666666,0.7866666666666666,300,0.7074047009882609,0.6961735998308369,0.6859494550081925,,debater_prob_yes,,,confidence_decile,0.52
statement.rejudge_2B,,,300,0.1,0.1,5,"1=lowest confidence, 10=highest confidence",Statement — rejudged by 2B,,debater_ab_converted,0.8166666666666667,0.8166666666666667,300,0.7264256089751905,0.7167905146038154,0.7074047009882609,,debater_prob_yes,,,confidence_decile,0.51
statement.rejudge_2B,,,300,0.1,0.1,6,"1=lowest confidence, 10=highest confidence",Statement — rejudged by 2B,,debater_ab_converted,0.83,0.83,300,0.7431680086124811,0.7347395504712835,0.7264256089751905,,debater_prob_yes,,,confidence_decile,0.45
statement.rejudge_2B,,,300,0.1,0.1,7,"1=lowest confidence, 10=highest confidence",Statement — rejudged by 2B,,debater_ab_converted,0.8233333333333334,0.8233333333333334,300,0.7620701083888303,0.7525752100260694,0.7431680086124811,,debater_prob_yes,,,confidence_decile,0.53
statement.rejudge_2B,,,300,0.1,0.1,8,"1=lowest confidence, 10=highest confidence",Statement — rejudged by 2B,,debater_ab_converted,0.81,0.81,300,0.7826624789529376,0.7722791505494849,0.7620701083888303,,debater_prob_yes,,,confidence_decile,0.4633333333333333
statement.rejudge_2B,,,300,0.1,0.1,9,"1=lowest confidence, 10=highest confidence",Statement — rejudged by 2B,,debater_ab_converted,0.84,0.84,300,0.8104789086703224,0.7959019162084239,0.7829945258508844,,debater_prob_yes,,,confidence_decile,0.49333333333333335
statement.rejudge_2B,,,300,0.1,0.1,10,"1=lowest confidence, 10=highest confidence",Statement — rejudged by 2B,,debater_ab_converted,0.76,0.76,300,0.9001793324323768,0.8335265680919894,0.8104789086703224,,debater_prob_yes,,,confidence_decile,0.5133333333333333
statement.rejudge_2B,1.0,1.0,,,,,,Statement — rejudged by 2B,3000,debater_ab_converted,0.795,0.795,3000,,,,0.5039061705290805,debater_prob_yes,1.0,3000,selective_accuracy,0.49366666666666664
statement.rejudge_2B,0.9,0.9,,,,,,Statement — rejudged by 2B,3000,debater_ab_converted,0.8055555555555556,0.8055555555555556,2700,,,,0.6187804337438501,debater_prob_yes,0.9,2700,selective_accuracy,0.4922222222222222
statement.rejudge_2B,0.8,0.8,,,,,,Statement — rejudged by 2B,3000,debater_ab_converted,0.81,0.81,2400,,,,0.6592954869730118,debater_prob_yes,0.8,2400,selective_accuracy,0.4891666666666667
statement.rejudge_2B,0.7,0.7,,,,,,Statement — rejudged by 2B,3000,debater_ab_converted,0.8085714285714286,0.8085714285714286,2100,,,,0.6859494550081925,debater_prob_yes,0.7,2100,selective_accuracy,0.49476190476190474
statement.rejudge_2B,0.6,0.6,,,,,,Statement — rejudged by 2B,3000,debater_ab_converted,0.8127777777777778,0.8127777777777778,1800,,,,0.7074047009882609,debater_prob_yes,0.6,1800,selective_accuracy,0.4922222222222222
statement.rejudge_2B,0.5,0.5,,,,,,Statement — rejudged by 2B,3000,debater_ab_converted,0.8126666666666666,0.8126666666666666,1500,,,,0.7264256089751905,debater_prob_yes,0.5,1500,selective_accuracy,0.49066666666666664
statement.rejudge_2B,0.4,0.4,,,,,,Statement — rejudged by 2B,3000,debater_ab_converted,0.8066666666666666,0.8066666666666666,1200,,,,0.7431680086124811,debater_prob_yes,0.4,1200,selective_accuracy,0.5025
statement.rejudge_2B,0.3,0.3,,,,,,Statement — rejudged by 2B,3000,debater_ab_converted,0.8,0.8,900,,,,0.7620701083888303,debater_prob_yes,0.3,900,selective_accuracy,0.49333333333333335
statement.rejudge_2B,0.2,0.2,,,,,,Statement — rejudged by 2B,3000,debater_ab_converted,0.8,0.8,600,,,,0.7829945258508844,debater_prob_yes,0.2,600,selective_accuracy,0.5033333333333333
statement.rejudge_2B,0.1,0.1,,,,,,Statement — rejudged by 2B,3000,debater_ab_converted,0.76,0.76,300,,,,0.8104789086703224,debater_prob_yes,0.1,300,selective_accuracy,0.5166666666666667
statement.robust_0.8B,,,300,0.1,0.1,1,"1=lowest confidence, 10=highest confidence",Statement — 0.8B judge,,yes_no,0.68,0.68,300,0.5621765008857981,0.5322238259248746,0.5,,verdict_prob_belongs,,,confidence_decile,0.34
statement.robust_0.8B,,,300,0.1,0.1,2,"1=lowest confidence, 10=highest confidence",Statement — 0.8B judge,,yes_no,0.62,0.62,300,0.6150880813029999,0.5928247075737726,0.5621765008857981,,verdict_prob_belongs,,,confidence_decile,0.37333333333333335
statement.robust_0.8B,,,300,0.1,0.1,3,"1=lowest confidence, 10=highest confidence",Statement — 0.8B judge,,yes_no,0.6433333333333333,0.6433333333333333,300,0.665410558746814,0.6423642630188613,0.6187804337438501,,verdict_prob_belongs,,,confidence_decile,0.31666666666666665
statement.robust_0.8B,,,300,0.1,0.1,4,"1=lowest confidence, 10=highest confidence",Statement — 0.8B judge,,yes_no,0.6633333333333333,0.6633333333333333,300,0.6992544210587585,0.6828166629314674,0.665410558746814,,verdict_prob_belongs,,,confidence_decile,0.28
statement.robust_0.8B,,,300,0.1,0.1,5,"1=lowest confidence, 10=highest confidence",Statement — 0.8B judge,,yes_no,0.6566666666666666,0.6566666666666666,300,0.7371581626286834,0.7187517868837281,0.6992544210587585,,verdict_prob_belongs,,,confidence_decile,0.3566666666666667
statement.robust_0.8B,,,300,0.1,0.1,6,"1=lowest confidence, 10=highest confidence",Statement — 0.8B judge,,yes_no,0.6366666666666667,0.6366666666666667,300,0.7634837635542924,0.7495053992651302,0.7371581626286834,,verdict_prob_belongs,,,confidence_decile,0.32
statement.robust_0.8B,,,300,0.1,0.1,7,"1=lowest confidence, 10=highest confidence",Statement — 0.8B judge,,yes_no,0.6366666666666667,0.6366666666666667,300,0.7981867777396212,0.780865798672228,0.7634837635542924,,verdict_prob_belongs,,,confidence_decile,0.36666666666666664
statement.robust_0.8B,,,300,0.1,0.1,8,"1=lowest confidence, 10=highest confidence",Statement — 0.8B judge,,yes_no,0.7033333333333334,0.7033333333333334,300,0.8289388083214156,0.8129703122517523,0.7981867777396212,,verdict_prob_belongs,,,confidence_decile,0.43666666666666665
statement.robust_0.8B,,,300,0.1,0.1,9,"1=lowest confidence, 10=highest confidence",Statement — 0.8B judge,,yes_no,0.68,0.68,300,0.8670358697462385,0.8481560395449976,0.8289388083214156,,verdict_prob_belongs,,,confidence_decile,0.4033333333333333
statement.robust_0.8B,,,300,0.1,0.1,10,"1=lowest confidence, 10=highest confidence",Statement — 0.8B judge,,yes_no,0.6466666666666666,0.6466666666666666,300,0.9763105507574624,0.8983542093771831,0.8670358697462385,,verdict_prob_belongs,,,confidence_decile,0.4633333333333333
statement.robust_0.8B,1.0,1.0,,,,,,Statement — 0.8B judge,3000,yes_no,0.6566666666666666,0.6566666666666666,3000,,,,0.5,verdict_prob_belongs,1.0,3000,selective_accuracy,0.36566666666666664
statement.robust_0.8B,0.9,0.9,,,,,,Statement — 0.8B judge,3000,yes_no,0.6537037037037037,0.6537037037037037,2700,,,,0.5621765008857981,verdict_prob_belongs,0.9,2700,selective_accuracy,0.37074074074074076
statement.robust_0.8B,0.8,0.8,,,,,,Statement — 0.8B judge,3000,yes_no,0.6583333333333333,0.6583333333333333,2400,,,,0.6187804337438501,verdict_prob_belongs,0.8,2400,selective_accuracy,0.36791666666666667
statement.robust_0.8B,0.7,0.7,,,,,,Statement — 0.8B judge,3000,yes_no,0.6595238095238095,0.6595238095238095,2100,,,,0.665410558746814,verdict_prob_belongs,0.7,2100,selective_accuracy,0.38
statement.robust_0.8B,0.6,0.6,,,,,,Statement — 0.8B judge,3000,yes_no,0.6611111111111111,0.6611111111111111,1800,,,,0.6992544210587585,verdict_prob_belongs,0.6,1800,selective_accuracy,0.3933333333333333
statement.robust_0.8B,0.5,0.5,,,,,,Statement — 0.8B judge,3000,yes_no,0.66,0.66,1500,,,,0.7371581626286834,verdict_prob_belongs,0.5,1500,selective_accuracy,0.4026666666666667
statement.robust_0.8B,0.4,0.4,,,,,,Statement — 0.8B judge,3000,yes_no,0.6675,0.6675,1200,,,,0.7634837635542924,verdict_prob_belongs,0.4,1200,selective_accuracy,0.41833333333333333
statement.robust_0.8B,0.3,0.3,,,,,,Statement — 0.8B judge,3000,yes_no,0.6788888888888889,0.6788888888888889,900,,,,0.7981867777396212,verdict_prob_belongs,0.3,900,selective_accuracy,0.44333333333333336
statement.robust_0.8B,0.2,0.2,,,,,,Statement — 0.8B judge,3000,yes_no,0.6666666666666666,0.6666666666666666,600,,,,0.8289388083214156,verdict_prob_belongs,0.2,600,selective_accuracy,0.43833333333333335
statement.robust_0.8B,0.1,0.1,,,,,,Statement — 0.8B judge,3000,yes_no,0.6466666666666666,0.6466666666666666,300,,,,0.8670358697462385,verdict_prob_belongs,0.1,300,selective_accuracy,0.47333333333333333
statement.robust_0.8B,,,300,0.1,0.1,1,"1=lowest confidence, 10=highest confidence",Statement — 0.8B judge,,true_false,0.6366666666666667,0.6366666666666667,300,0.5156199157230156,0.5060148741528238,0.5,,boolean_prob_true,,,confidence_decile,0.45
statement.robust_0.8B,,,300,0.1,0.1,2,"1=lowest confidence, 10=highest confidence",Statement — 0.8B judge,,true_false,0.66,0.66,300,0.523420348936324,0.5192081443454474,0.5156199157230156,,boolean_prob_true,,,confidence_decile,0.56
statement.robust_0.8B,,,300,0.1,0.1,3,"1=lowest confidence, 10=highest confidence",Statement — 0.8B judge,,true_false,0.6466666666666666,0.6466666666666666,300,0.5389832206876841,0.5328271763467236,0.523420348936324,,boolean_prob_true,,,confidence_decile,0.46
statement.robust_0.8B,,,300,0.1,0.1,4,"1=lowest confidence, 10=highest confidence",Statement — 0.8B judge,,true_false,0.65,0.65,300,0.5544704649604273,0.5466169587055401,0.5389832206876841,,boolean_prob_true,,,confidence_decile,0.5166666666666667
statement.robust_0.8B,,,300,0.1,0.1,5,"1=lowest confidence, 10=highest confidence",Statement — 0.8B judge,,true_false,0.7333333333333333,0.7333333333333333,300,0.5698526514141571,0.5610033269421699,0.5544704649604273,,boolean_prob_true,,,confidence_decile,0.5833333333333334
statement.robust_0.8B,,,300,0.1,0.1,6,"1=lowest confidence, 10=highest confidence",Statement — 0.8B judge,,true_false,0.6466666666666666,0.6466666666666666,300,0.5851011542032312,0.5762788581742231,0.5698526514141571,,boolean_prob_true,,,confidence_decile,0.6433333333333333
statement.robust_0.8B,,,300,0.1,0.1,7,"1=lowest confidence, 10=highest confidence",Statement — 0.8B judge,,true_false,0.6033333333333334,0.6033333333333334,300,0.600188359260205,0.5922392301041141,0.5851011542032312,,boolean_prob_true,,,confidence_decile,0.7133333333333334
statement.robust_0.8B,,,300,0.1,0.1,8,"1=lowest confidence, 10=highest confidence",Statement — 0.8B judge,,true_false,0.6366666666666667,0.6366666666666667,300,0.6261241772283035,0.6133483435249468,0.600188359260205,,boolean_prob_true,,,confidence_decile,0.7
statement.robust_0.8B,,,300,0.1,0.1,9,"1=lowest confidence, 10=highest confidence",Statement — 0.8B judge,,true_false,0.6666666666666666,0.6666666666666666,300,0.658417500561683,0.6411678558932546,0.6261241772283035,,boolean_prob_true,,,confidence_decile,0.7566666666666667
statement.robust_0.8B,,,300,0.1,0.1,10,"1=lowest confidence, 10=highest confidence",Statement — 0.8B judge,,true_false,0.6866666666666666,0.6866666666666666,300,0.8031737963569014,0.6944382068623186,0.658417500561683,,boolean_prob_true,,,confidence_decile,0.7566666666666667
statement.robust_0.8B,1.0,1.0,,,,,,Statement — 0.8B judge,3000,true_false,0.6566666666666666,0.6566666666666666,3000,,,,0.5,boolean_prob_true,1.0,3000,selective_accuracy,0.614
statement.robust_0.8B,0.9,0.9,,,,,,Statement — 0.8B judge,3000,true_false,0.6592592592592592,0.6592592592592592,2700,,,,0.5156199157230156,boolean_prob_true,0.9,2700,selective_accuracy,0.6388888888888888
statement.robust_0.8B,0.8,0.8,,,,,,Statement — 0.8B judge,3000,true_false,0.6604166666666667,0.6604166666666667,2400,,,,0.523420348936324,boolean_prob_true,0.8,2400,selective_accuracy,0.6516666666666666
statement.robust_0.8B,0.7,0.7,,,,,,Statement — 0.8B judge,3000,true_false,0.660952380952381,0.660952380952381,2100,,,,0.5389832206876841,boolean_prob_true,0.7,2100,selective_accuracy,0.6638095238095238
statement.robust_0.8B,0.6,0.6,,,,,,Statement — 0.8B judge,3000,true_false,0.66,0.66,1800,,,,0.5544704649604273,boolean_prob_true,0.6,1800,selective_accuracy,0.6772222222222222
statement.robust_0.8B,0.5,0.5,,,,,,Statement — 0.8B judge,3000,true_false,0.648,0.648,1500,,,,0.5698526514141571,boolean_prob_true,0.5,1500,selective_accuracy,0.694
statement.robust_0.8B,0.4,0.4,,,,,,Statement — 0.8B judge,3000,true_false,0.6466666666666666,0.6466666666666666,1200,,,,0.5851011542032312,boolean_prob_true,0.4,1200,selective_accuracy,0.7066666666666667
statement.robust_0.8B,0.3,0.3,,,,,,Statement — 0.8B judge,3000,true_false,0.6688888888888889,0.6688888888888889,900,,,,0.600188359260205,boolean_prob_true,0.3,900,selective_accuracy,0.7555555555555555
statement.robust_0.8B,0.2,0.2,,,,,,Statement — 0.8B judge,3000,true_false,0.68,0.68,600,,,,0.6261241772283035,boolean_prob_true,0.2,600,selective_accuracy,0.7533333333333333
statement.robust_0.8B,0.1,0.1,,,,,,Statement — 0.8B judge,3000,true_false,0.68,0.68,300,,,,0.658417500561683,boolean_prob_true,0.1,300,selective_accuracy,0.74
statement.robust_0.8B,,,300,0.1,0.1,1,"1=lowest confidence, 10=highest confidence",Statement — 0.8B judge,,debater_ab_converted,0.67,0.67,300,0.6315943044052867,0.5782948893245052,0.5,,debater_prob_yes,,,confidence_decile,0.48333333333333334
statement.robust_0.8B,,,300,0.1,0.1,2,"1=lowest confidence, 10=highest confidence",Statement — 0.8B judge,,debater_ab_converted,0.6733333333333333,0.6733333333333333,300,0.6876299957148544,0.6643197855879013,0.6315943044052867,,debater_prob_yes,,,confidence_decile,0.49333333333333335
statement.robust_0.8B,,,300,0.1,0.1,3,"1=lowest confidence, 10=highest confidence",Statement — 0.8B judge,,debater_ab_converted,0.67,0.67,300,0.7264256089751905,0.7076960093898683,0.6880493633525566,,debater_prob_yes,,,confidence_decile,0.49333333333333335
statement.robust_0.8B,,,300,0.1,0.1,4,"1=lowest confidence, 10=highest confidence",Statement — 0.8B judge,,debater_ab_converted,0.65,0.65,300,0.755276170890018,0.741595893669992,0.7264256089751905,,debater_prob_yes,,,confidence_decile,0.46
statement.robust_0.8B,,,300,0.1,0.1,5,"1=lowest confidence, 10=highest confidence",Statement — 0.8B judge,,debater_ab_converted,0.68,0.68,300,0.7795736588597555,0.7674277775628874,0.7554566279168844,,debater_prob_yes,,,confidence_decile,0.49
statement.robust_0.8B,,,300,0.1,0.1,6,"1=lowest confidence, 10=highest confidence",Statement — 0.8B judge,,debater_ab_converted,0.6333333333333333,0.6333333333333333,300,0.8035594619990447,0.7915184580401071,0.7796575529570593,,debater_prob_yes,,,confidence_decile,0.5233333333333333
statement.robust_0.8B,,,300,0.1,0.1,7,"1=lowest confidence, 10=highest confidence",Statement — 0.8B judge,,debater_ab_converted,0.61,0.61,300,0.8267117940706734,0.8149833097768834,0.8037905871912979,,debater_prob_yes,,,confidence_decile,0.49333333333333335
statement.robust_0.8B,,,300,0.1,0.1,8,"1=lowest confidence, 10=highest confidence",Statement — 0.8B judge,,debater_ab_converted,0.6433333333333333,0.6433333333333333,300,0.8504686206687655,0.8385561484693556,0.8267117940706734,,debater_prob_yes,,,confidence_decile,0.4633333333333333
statement.robust_0.8B,,,300,0.1,0.1,9,"1=lowest confidence, 10=highest confidence",Statement — 0.8B judge,,debater_ab_converted,0.6566666666666666,0.6566666666666666,300,0.8778961345311737,0.8637990197413005,0.8504686206687655,,debater_prob_yes,,,confidence_decile,0.5
statement.robust_0.8B,,,300,0.1,0.1,10,"1=lowest confidence, 10=highest confidence",Statement — 0.8B judge,,debater_ab_converted,0.68,0.68,300,0.9569571506599678,0.9018539050810765,0.8778961345311737,,debater_prob_yes,,,confidence_decile,0.49666666666666665
statement.robust_0.8B,1.0,1.0,,,,,,Statement — 0.8B judge,3000,debater_ab_converted,0.6566666666666666,0.6566666666666666,3000,,,,0.5,debater_prob_yes,1.0,3000,selective_accuracy,0.48966666666666664
statement.robust_0.8B,0.9,0.9,,,,,,Statement — 0.8B judge,3000,debater_ab_converted,0.6555555555555556,0.6555555555555556,2700,,,,0.6315943044052867,debater_prob_yes,0.9,2700,selective_accuracy,0.49037037037037035
statement.robust_0.8B,0.8,0.8,,,,,,Statement — 0.8B judge,3000,debater_ab_converted,0.6529166666666667,0.6529166666666667,2400,,,,0.6880493633525566,debater_prob_yes,0.8,2400,selective_accuracy,0.49
statement.robust_0.8B,0.7,0.7,,,,,,Statement — 0.8B judge,3000,debater_ab_converted,0.6504761904761904,0.6504761904761904,2100,,,,0.7264256089751905,debater_prob_yes,0.7,2100,selective_accuracy,0.48857142857142855
statement.robust_0.8B,0.6,0.6,,,,,,Statement — 0.8B judge,3000,debater_ab_converted,0.6505555555555556,0.6505555555555556,1800,,,,0.7554566279168844,debater_prob_yes,0.6,1800,selective_accuracy,0.49444444444444446
statement.robust_0.8B,0.5,0.5,,,,,,Statement — 0.8B judge,3000,debater_ab_converted,0.6446666666666667,0.6446666666666667,1500,,,,0.7796575529570593,debater_prob_yes,0.5,1500,selective_accuracy,0.49533333333333335
statement.robust_0.8B,0.4,0.4,,,,,,Statement — 0.8B judge,3000,debater_ab_converted,0.6475,0.6475,1200,,,,0.8037905871912979,debater_prob_yes,0.4,1200,selective_accuracy,0.48833333333333334
statement.robust_0.8B,0.3,0.3,,,,,,Statement — 0.8B judge,3000,debater_ab_converted,0.66,0.66,900,,,,0.8267117940706734,debater_prob_yes,0.3,900,selective_accuracy,0.48777777777777775
statement.robust_0.8B,0.2,0.2,,,,,,Statement — 0.8B judge,3000,debater_ab_converted,0.67,0.67,600,,,,0.8504686206687655,debater_prob_yes,0.2,600,selective_accuracy,0.49833333333333335
statement.robust_0.8B,0.1,0.1,,,,,,Statement — 0.8B judge,3000,debater_ab_converted,0.68,0.68,300,,,,0.8778961345311737,debater_prob_yes,0.1,300,selective_accuracy,0.5
